mkf,index,type,size,note
Data.mkf,0,SMP,52294,
Data.mkf,1,SMP,780732,
Data.mkf,2,SMP,124572,
Data.mkf,3,SMP,710740,
Data.mkf,4,RAW,80000,200x200
Data.mkf,5,RAW,80000,200x200
Data.mkf,6,RAW,80000,200x200
Data.mkf,7,RAW,80000,200x200
Data.mkf,8,RAW,80000,200x200
Data.mkf,9,RAW,80000,200x200
Data.mkf,10,RAW,80000,200x200
Data.mkf,11,RAW,80000,200x200
Data.mkf,12,RAW,80000,200x200
Data.mkf,13,RAW,80000,200x200
Data.mkf,14,RAW,80000,200x200
Data.mkf,15,RAW,80000,200x200
Data.mkf,16,RAW,80000,200x200
Data.mkf,17,RAW,80000,200x200
Data.mkf,18,RAW,80000,200x200
Data.mkf,19,RAW,80000,200x200
Data.mkf,20,RAW,80000,200x200
Data.mkf,21,RAW,80000,200x200
Data.mkf,22,RAW,80000,200x200
Data.mkf,23,RAW,80000,200x200
Data.mkf,24,RAW,80000,200x200
Data.mkf,25,RAW,80000,200x200
Data.mkf,26,RAW,80000,200x200
Data.mkf,27,RAW,80000,200x200
Data.mkf,28,RAW,80000,200x200
Data.mkf,29,RAW,80000,200x200
Data.mkf,30,RAW,80000,200x200
Data.mkf,31,RAW,80000,200x200
Data.mkf,32,RAW,80000,200x200
Data.mkf,33,PAD,80000,blank
Data.mkf,34,RAW,80000,200x200
Data.mkf,35,RAW,80000,200x200
Data.mkf,36,RAW,80000,200x200
Data.mkf,37,RAW,80000,200x200
Data.mkf,38,RAW,80000,200x200
Data.mkf,39,RAW,80000,200x200
Data.mkf,40,RAW,80000,200x200
Data.mkf,41,RAW,80000,200x200
Data.mkf,42,RAW,80000,200x200
Data.mkf,43,RAW,80000,200x200
Data.mkf,44,RAW,80000,200x200
Data.mkf,45,RAW,80000,200x200
Data.mkf,46,RAW,80000,200x200
Data.mkf,47,RAW,80000,200x200
Data.mkf,48,RAW,80000,200x200
Data.mkf,49,RAW,80000,200x200
Data.mkf,50,RAW,80000,200x200
Data.mkf,51,RAW,80000,200x200
Data.mkf,52,RAW,80000,200x200
Data.mkf,53,RAW,80000,200x200
Data.mkf,54,RAW,80000,200x200
Data.mkf,55,RAW,80000,200x200
Data.mkf,56,RAW,80000,200x200
Data.mkf,57,RAW,80000,200x200
Data.mkf,58,RAW,80000,200x200
Data.mkf,59,RAW,80000,200x200
Data.mkf,60,RAW,80000,200x200
Data.mkf,61,RAW,80000,200x200
Data.mkf,62,RAW,80000,200x200
Data.mkf,63,RAW,80000,200x200
Data.mkf,64,RAW,80000,200x200
Data.mkf,65,RAW,80000,200x200
Data.mkf,66,RAW,80000,200x200
Data.mkf,67,RAW,80000,200x200
Data.mkf,68,RAW,80000,200x200
Data.mkf,69,RAW,80000,200x200
Data.mkf,70,RAW,80000,200x200
Data.mkf,71,RAW,80000,200x200
Data.mkf,72,RAW,80000,200x200
Data.mkf,73,RAW,80000,200x200
Data.mkf,74,RAW,80000,200x200
Data.mkf,75,RAW,80000,200x200
Data.mkf,76,RAW,80000,200x200
Data.mkf,77,RAW,80000,200x200
Data.mkf,78,RAW,80000,200x200
Data.mkf,79,RAW,80000,200x200
Data.mkf,80,RAW,80000,200x200
Data.mkf,81,RAW,80000,200x200
Data.mkf,82,RAW,80000,200x200
Data.mkf,83,RAW,80000,200x200
Data.mkf,84,RAW,80000,200x200
Data.mkf,85,RAW,80000,200x200
Data.mkf,86,RAW,80000,200x200
Data.mkf,87,RAW,80000,200x200
Data.mkf,88,RAW,80000,200x200
Data.mkf,89,RAW,80000,200x200
Data.mkf,90,RAW,80000,200x200
Data.mkf,91,RAW,80000,200x200
Data.mkf,92,RAW,80000,200x200
Data.mkf,93,RAW,80000,200x200
Data.mkf,94,RAW,80000,200x200
Data.mkf,95,RAW,80000,200x200
Data.mkf,96,RAW,80000,200x200
Data.mkf,97,RAW,80000,200x200
Data.mkf,98,RAW,80000,200x200
Data.mkf,99,RAW,80000,200x200
Data.mkf,100,RAW,80000,200x200
Data.mkf,101,RAW,80000,200x200
Data.mkf,102,RAW,80000,200x200
Data.mkf,103,RAW,80000,200x200
Data.mkf,104,RAW,80000,200x200
Data.mkf,105,RAW,80000,200x200
Data.mkf,106,RAW,80000,200x200
Data.mkf,107,RAW,80000,200x200
Data.mkf,108,RAW,80000,200x200
Data.mkf,109,RAW,80000,200x200
Data.mkf,110,RAW,80000,200x200
Data.mkf,111,RAW,80000,200x200
Data.mkf,112,RAW,80000,200x200
Data.mkf,113,RAW,80000,200x200
Data.mkf,114,RAW,80000,200x200
Data.mkf,115,RAW,80000,200x200
Data.mkf,116,RAW,80000,200x200
Data.mkf,117,RAW,80000,200x200
Data.mkf,118,RAW,80000,200x200
Data.mkf,119,RAW,80000,200x200
Data.mkf,120,RAW,80000,200x200
Data.mkf,121,RAW,80000,200x200
Data.mkf,122,RAW,80000,200x200
Data.mkf,123,RAW,80000,200x200
Data.mkf,124,RAW,80000,200x200
Data.mkf,125,RAW,80000,200x200
Data.mkf,126,RAW,80000,200x200
Data.mkf,127,RAW,80000,200x200
Data.mkf,128,SPR,23922,
Data.mkf,129,SPR,204708,
Data.mkf,130,SPR,244819,
Data.mkf,131,SPR,31110,
Data.mkf,132,SPR,124052,
Data.mkf,133,SPR,133860,
Data.mkf,134,SPR,31963,
Data.mkf,135,SPR,95738,
Data.mkf,136,SPR,136921,
Data.mkf,137,SPR,39885,
Data.mkf,138,SPR,79332,
Data.mkf,139,SPR,169065,
Data.mkf,140,SPR,214018,
Data.mkf,141,SPR,33056,
Data.mkf,142,SPR,97999,
Data.mkf,143,SPR,141497,
Data.mkf,144,SPR,23695,
Data.mkf,145,SPR,203327,
Data.mkf,146,SPR,27342,
Data.mkf,147,SPR,26557,
Data.mkf,148,SPR,26451,
Data.mkf,149,SPR,18365,
Data.mkf,150,SPR,173296,
Data.mkf,151,SPR,230461,
Data.mkf,152,SPR,33886,
Data.mkf,153,SPR,133473,
Data.mkf,154,SPR,141772,
Data.mkf,155,SPR,34754,
Data.mkf,156,SPR,103145,
Data.mkf,157,SPR,150453,
Data.mkf,158,SPR,34251,
Data.mkf,159,SPR,68094,
Data.mkf,160,SPR,150080,
Data.mkf,161,SPR,181151,
Data.mkf,162,SPR,28620,
Data.mkf,163,SPR,56507,
Data.mkf,164,SPR,120178,
Data.mkf,165,SPR,19792,
Data.mkf,166,SPR,175686,
Data.mkf,167,SPR,22266,
Data.mkf,168,SPR,19605,
Data.mkf,169,SPR,19425,
Data.mkf,170,SPR,15896,
Data.mkf,171,SPR,83555,
Data.mkf,172,SPR,195714,
Data.mkf,173,SPR,25317,
Data.mkf,174,SPR,98953,
Data.mkf,175,SPR,106033,
Data.mkf,176,SPR,32736,
Data.mkf,177,SPR,97241,
Data.mkf,178,SPR,138048,
Data.mkf,179,SPR,34769,
Data.mkf,180,SPR,68762,
Data.mkf,181,SPR,145392,
Data.mkf,182,SPR,220468,
Data.mkf,183,SPR,26931,
Data.mkf,184,SPR,52914,
Data.mkf,185,SPR,115898,
Data.mkf,186,SPR,16745,
Data.mkf,187,SPR,143222,
Data.mkf,188,SPR,15527,
Data.mkf,189,SPR,15555,
Data.mkf,190,SPR,15503,
Data.mkf,191,SPR,25624,
Data.mkf,192,SPR,250787,
Data.mkf,193,SPR,171240,
Data.mkf,194,SPR,28282,
Data.mkf,195,SPR,112567,
Data.mkf,196,SPR,126912,
Data.mkf,197,SPR,27780,
Data.mkf,198,SPR,82918,
Data.mkf,199,SPR,150606,
Data.mkf,200,SPR,32155,
Data.mkf,201,SPR,163214,
Data.mkf,202,SPR,238185,
Data.mkf,203,SPR,208566,
Data.mkf,204,SPR,38662,
Data.mkf,205,SPR,76350,
Data.mkf,206,SPR,193742,
Data.mkf,207,SPR,25534,
Data.mkf,208,SPR,224954,
Data.mkf,209,SPR,24747,
Data.mkf,210,SPR,25474,
Data.mkf,211,SPR,25575,
Data.mkf,212,SPR,19780,
Data.mkf,213,SPR,182356,
Data.mkf,214,SPR,218772,
Data.mkf,215,SPR,31244,
Data.mkf,216,SPR,123103,
Data.mkf,217,SPR,132727,
Data.mkf,218,SPR,39586,
Data.mkf,219,SPR,118305,
Data.mkf,220,SPR,167487,
Data.mkf,221,SPR,37519,
Data.mkf,222,SPR,74830,
Data.mkf,223,SPR,162015,
Data.mkf,224,SPR,200298,
Data.mkf,225,SPR,29109,
Data.mkf,226,SPR,57681,
Data.mkf,227,SPR,121545,
Data.mkf,228,SPR,21070,
Data.mkf,229,SPR,185121,
Data.mkf,230,SPR,20874,
Data.mkf,231,SPR,19883,
Data.mkf,232,SPR,19926,
Data.mkf,233,SPR,25621,
Data.mkf,234,SPR,121225,
Data.mkf,235,SPR,223205,
Data.mkf,236,SPR,31593,
Data.mkf,237,SPR,125464,
Data.mkf,238,SPR,252027,
Data.mkf,239,SPR,38604,
Data.mkf,240,SPR,114119,
Data.mkf,241,SPR,303142,
Data.mkf,242,SPR,33565,
Data.mkf,243,SPR,165748,
Data.mkf,244,SPR,292093,
Data.mkf,245,SPR,209775,
Data.mkf,246,SPR,34764,
Data.mkf,247,SPR,68124,
Data.mkf,248,SPR,169637,
Data.mkf,249,SPR,25323,
Data.mkf,250,SPR,130712,
Data.mkf,251,SPR,21797,
Data.mkf,252,SPR,22667,
Data.mkf,253,SPR,23471,
Data.mkf,254,SPR,23714,
Data.mkf,255,SPR,219307,
Data.mkf,256,SPR,249050,
Data.mkf,257,SPR,30402,
Data.mkf,258,SPR,136354,
Data.mkf,259,SPR,132596,
Data.mkf,260,SPR,35718,
Data.mkf,261,SPR,110652,
Data.mkf,262,SPR,148827,
Data.mkf,263,SPR,42621,
Data.mkf,264,SPR,84853,
Data.mkf,265,SPR,176501,
Data.mkf,266,SPR,252488,
Data.mkf,267,SPR,31892,
Data.mkf,268,SPR,125617,
Data.mkf,269,SPR,142863,
Data.mkf,270,SPR,25038,
Data.mkf,271,SPR,231254,
Data.mkf,272,SPR,23397,
Data.mkf,273,SPR,24802,
Data.mkf,274,SPR,24869,
Data.mkf,275,SPR,34796,
Data.mkf,276,SPR,388545,
Data.mkf,277,SPR,243047,
Data.mkf,278,SPR,40027,
Data.mkf,279,SPR,219962,
Data.mkf,280,SPR,329901,
Data.mkf,281,SPR,37685,
Data.mkf,282,SPR,183915,
Data.mkf,283,SPR,260223,
Data.mkf,284,SPR,52613,
Data.mkf,285,SPR,271718,
Data.mkf,286,SPR,414723,
Data.mkf,287,SPR,320969,
Data.mkf,288,SPR,41349,
Data.mkf,289,SPR,179542,
Data.mkf,290,SPR,353694,
Data.mkf,291,SPR,34796,
Data.mkf,292,SPR,315909,
Data.mkf,293,SPR,31256,
Data.mkf,294,SPR,34838,
Data.mkf,295,SPR,35305,
Data.mkf,296,SPR,30186,
Data.mkf,297,SPR,120880,
Data.mkf,298,SPR,270618,
Data.mkf,299,SPR,33635,
Data.mkf,300,SPR,164738,
Data.mkf,301,SPR,188236,
Data.mkf,302,SPR,29895,
Data.mkf,303,SPR,145520,
Data.mkf,304,SPR,163853,
Data.mkf,305,SPR,48653,
Data.mkf,306,SPR,100823,
Data.mkf,307,SPR,255388,
Data.mkf,308,SPR,305367,
Data.mkf,309,SPR,45493,
Data.mkf,310,SPR,209118,
Data.mkf,311,SPR,131634,
Data.mkf,312,SPR,30186,
Data.mkf,313,SPR,276140,
Data.mkf,314,SPR,20788,
Data.mkf,315,SPR,30202,
Data.mkf,316,SPR,30578,
Data.mkf,317,SPR,20202,
Data.mkf,318,SPR,215160,
Data.mkf,319,SPR,206372,
Data.mkf,320,SPR,33560,
Data.mkf,321,SPR,392049,
Data.mkf,322,SPR,175317,
Data.mkf,323,SPR,30420,
Data.mkf,324,SPR,344412,
Data.mkf,325,SPR,118301,
Data.mkf,326,SPR,40979,
Data.mkf,327,SPR,253802,
Data.mkf,328,SPR,174771,
Data.mkf,329,SPR,247582,
Data.mkf,330,SPR,36619,
Data.mkf,331,SPR,414556,
Data.mkf,332,SPR,142052,
Data.mkf,333,SPR,20245,
Data.mkf,334,SPR,122023,
Data.mkf,335,SPR,21360,
Data.mkf,336,SPR,22358,
Data.mkf,337,SPR,22281,
Data.mkf,338,SPR,17801,
Data.mkf,339,SPR,152714,
Data.mkf,340,SPR,200838,
Data.mkf,341,SPR,26256,
Data.mkf,342,SPR,102723,
Data.mkf,343,SPR,121198,
Data.mkf,344,SPR,27936,
Data.mkf,345,SPR,110358,
Data.mkf,346,SPR,121031,
Data.mkf,347,SPR,36164,
Data.mkf,348,SPR,71409,
Data.mkf,349,SPR,152556,
Data.mkf,350,SPR,150045,
Data.mkf,351,SPR,29187,
Data.mkf,352,SPR,86391,
Data.mkf,353,SPR,123572,
Data.mkf,354,SPR,17106,
Data.mkf,355,SPR,149713,
Data.mkf,356,SPR,18256,
Data.mkf,357,SPR,18205,
Data.mkf,358,SPR,18185,
Data.mkf,359,SPR,16981,
Data.mkf,360,SPR,169081,
Data.mkf,361,SPR,158440,
Data.mkf,362,SPR,33290,
Data.mkf,363,SPR,162433,
Data.mkf,364,SPR,208331,
Data.mkf,365,SPR,31730,
Data.mkf,366,SPR,168304,
Data.mkf,367,SPR,206102,
Data.mkf,368,SPR,42028,
Data.mkf,369,SPR,180746,
Data.mkf,370,SPR,257510,
Data.mkf,371,SPR,255923,
Data.mkf,372,SPR,33315,
Data.mkf,373,SPR,131354,
Data.mkf,374,SPR,203229,
Data.mkf,375,SPR,16981,
Data.mkf,376,SPR,170548,
Data.mkf,377,SPR,20166,
Data.mkf,378,SPR,17878,
Data.mkf,379,SPR,17611,
Data.mkf,380,SPR,13606,
Data.mkf,381,SPR,255507,
Data.mkf,382,SPR,206425,
Data.mkf,383,SPR,227345,
Data.mkf,384,SPR,30967,
Data.mkf,385,SPR,319661,
Data.mkf,386,SPR,383325,
Data.mkf,387,SPR,360755,
Data.mkf,388,SPR,24605,
Data.mkf,389,SPR,415706,
Data.mkf,390,SPR,260947,
Data.mkf,391,SPR,402459,
Data.mkf,392,SPR,24739,
Data.mkf,393,SPR,251467,
Data.mkf,394,SPR,723751,
Data.mkf,395,SPR,256578,
Data.mkf,396,SPR,11814,
Data.mkf,397,SPR,18492,
Data.mkf,398,SPR,16413,
Data.mkf,399,SPR,11523,
Data.mkf,400,SPR,9304,
Data.mkf,401,SPR,16290,
Data.mkf,402,SPR,11829,
Data.mkf,403,SPR,10296,
Data.mkf,404,SPR,11428,
Data.mkf,405,SPR,11873,
Data.mkf,406,SPR,14094,
Data.mkf,407,SPR,10154,
Data.mkf,408,SPR,14632,
Data.mkf,409,SPR,13160,
Data.mkf,410,SPR,16981,
Data.mkf,411,SPR,10696,
Data.mkf,412,SPR,13176,
Data.mkf,413,SPR,10444,
Data.mkf,414,SPR,6420,
Data.mkf,415,SPR,1056,
Data.mkf,416,FLC,53484,10f 100x100
Data.mkf,417,FLC,82590,23f 156x156
Data.mkf,418,FLC,57330,10f 98x100
Data.mkf,419,FLC,45296,8f 98x100
Data.mkf,420,FLC,26520,6f 74x110
Data.mkf,421,FLC,28714,10f 102x102
Data.mkf,422,FLC,14878,6f 64x64
Data.mkf,423,FLC,33236,6f 132x122
Data.mkf,424,FLC,46074,10f 92x92
Data.mkf,425,FLC,16286,8f 86x86
Data.mkf,426,FLC,39158,16f 94x94
Data.mkf,427,FLC,46950,21f 64x64
Data.mkf,428,FLC,27764,5f 74x110
Data.mkf,429,FLC,39338,8f 74x110
Data.mkf,430,FLC,84560,21f 100x100
Data.mkf,431,FLC,116838,32f 95x95
Data.mkf,432,FLC,43760,11f 104x92
Data.mkf,433,FLC,79730,20f 104x96
Data.mkf,434,FLC,20096,8f 64x64
Data.mkf,435,FLC,64264,12f 104x96
Data.mkf,436,FLC,61754,15f 192x192
Data.mkf,437,FLC,28388,8f 74x108
Data.mkf,438,FLC,36180,16f 80x80
Data.mkf,439,FLC,44786,21f 80x80
Data.mkf,440,SMP,27696,
Data.mkf,441,RAW,194776,388x251
Data.mkf,442,RAW,194776,388x251
Data.mkf,443,RAW,194776,388x251
Data.mkf,444,RAW,194776,388x251
Data.mkf,445,RAW,194776,388x251
Data.mkf,446,RAW,194776,388x251
Data.mkf,447,RAW,194776,388x251
Data.mkf,448,RAW,194776,388x251
Data.mkf,449,RAW,194776,388x251
Data.mkf,450,RAW,194776,388x251
Data.mkf,451,RAW,194776,388x251
Data.mkf,452,RAW,194776,388x251
Data.mkf,453,RAW,194776,388x251
Data.mkf,454,RAW,194776,388x251
Data.mkf,455,RAW,194776,388x251
Data.mkf,456,RAW,194776,388x251
Data.mkf,457,RAW,194776,388x251
Data.mkf,458,RAW,194776,388x251
Data.mkf,459,RAW,194776,388x251
Data.mkf,460,RAW,194776,388x251
Data.mkf,461,RAW,194776,388x251
Data.mkf,462,RAW,194776,388x251
Data.mkf,463,RAW,194776,388x251
Data.mkf,464,RAW,194776,388x251
Data.mkf,465,RAW,194776,388x251
Data.mkf,466,RAW,194776,388x251
Data.mkf,467,RAW,194776,388x251
Data.mkf,468,RAW,194776,388x251
Data.mkf,469,RAW,194776,388x251
Data.mkf,470,RAW,194776,388x251
Data.mkf,471,RAW,194776,388x251
Data.mkf,472,RAW,194776,388x251
Data.mkf,473,RAW,194776,388x251
Data.mkf,474,RAW,194776,388x251
Data.mkf,475,RAW,194776,388x251
Data.mkf,476,RAW,194776,388x251
Data.mkf,477,RAW,194776,388x251
Data.mkf,478,RAW,194776,388x251
Data.mkf,479,RAW,194776,388x251
Data.mkf,480,RAW,194776,388x251
Data.mkf,481,RAW,194776,388x251
Data.mkf,482,RAW,194776,388x251
Data.mkf,483,RAW,194776,388x251
Data.mkf,484,RAW,194776,388x251
Data.mkf,485,RAW,194776,388x251
Data.mkf,486,RAW,194776,388x251
Data.mkf,487,RAW,194776,388x251
Data.mkf,488,RAW,194776,388x251
Data.mkf,489,RAW,194776,388x251
Data.mkf,490,RAW,194776,388x251
Data.mkf,491,RAW,194776,388x251
Data.mkf,492,RAW,194776,388x251
Data.mkf,493,RAW,194776,388x251
Data.mkf,494,RAW,194776,388x251
Data.mkf,495,RAW,194776,388x251
Data.mkf,496,RAW,194776,388x251
Data.mkf,497,RAW,194776,388x251
Data.mkf,498,RAW,194776,388x251
Data.mkf,499,RAW,194776,388x251
Data.mkf,500,RAW,194776,388x251
Data.mkf,501,RAW,194776,388x251
Data.mkf,502,RAW,194776,388x251
Data.mkf,503,RAW,194776,388x251
Data.mkf,504,RAW,194776,388x251
Data.mkf,505,RAW,194776,388x251
Data.mkf,506,RAW,194776,388x251
Data.mkf,507,RAW,194776,388x251
Data.mkf,508,RAW,194776,388x251
Data.mkf,509,RAW,194776,388x251
Data.mkf,510,RAW,194776,388x251
Data.mkf,511,RAW,194776,388x251
Data.mkf,512,RAW,194776,388x251
Data.mkf,513,RAW,194776,388x251
Data.mkf,514,RAW,194776,388x251
Data.mkf,515,RAW,194776,388x251
Data.mkf,516,RAW,194776,388x251
Data.mkf,517,SMP,535942,
Data.mkf,518,SMP,149622,
Data.mkf,519,SMP,29860,
Data.mkf,520,SMP,1016976,
Data.mkf,521,SPR,16755,
Data.mkf,522,SPR,82412,
Data.mkf,523,FLC,375474,66f 440x440
Data.mkf,524,FLC,148528,62f 440x74
Data.mkf,525,FLC,23464,8f 440x440
Data.mkf,526,FLC,29694,8f 110x110
Data.mkf,527,FLC,233924,41f 440x440
Data.mkf,528,FLC,122268,19f 440x440
Data.mkf,529,FLC,783698,68f 440x440
Data.mkf,530,FLC,697658,26f 440x440
Data.mkf,531,FLC,723830,36f 440x440
Data.mkf,532,FLC,314670,38f 440x440
Data.mkf,533,FLC,165142,46f 440x440
Data.mkf,534,FLC,127668,15f 440x440
Data.mkf,535,FLC,161046,15f 440x440
Data.mkf,536,FLC,7848,14f 28x40
Data.mkf,537,FLC,7622,14f 31x39
Data.mkf,538,FLC,101612,35f 440x440
Data.mkf,539,FLC,188944,46f 440x440
Data.mkf,540,FLC,477988,21f 440x440
Data.mkf,541,FLC,585460,21f 440x440
Data.mkf,542,FLC,564576,21f 440x440
Data.mkf,543,FLC,245194,35f 440x440
Data.mkf,544,FLC,546150,28f 440x440
Data.mkf,545,FLC,138450,30f 440x440
Data.mkf,546,FLC,306244,14f 440x440
Data.mkf,547,FLC,95158,19f 440x440
Data.mkf,548,FLC,386002,16f 440x440
Data.mkf,549,FLC,318686,12f 440x440
Data.mkf,550,FLC,523782,23f 440x440
Data.mkf,551,FLC,526892,15f 440x440
Data.mkf,552,FLC,66326,18f 440x440
Data.mkf,553,FLC,826690,68f 440x440
Data.mkf,554,FLC,970778,90f 440x440
Data.mkf,555,FLC,546642,10f 440x440
Data.mkf,556,FLC,733200,14f 440x440
Data.mkf,557,FLC,96728,22f 440x440
Data.mkf,558,FLC,191606,40f 440x440
Data.mkf,559,FLC,197418,34f 440x440
Data.mkf,560,FLC,262320,35f 440x440
Data.mkf,561,FLC,124234,34f 440x440
Data.mkf,562,FLC,261462,39f 440x440
Data.mkf,563,FLC,188964,30f 440x440
Data.mkf,564,FLC,180856,40f 440x440
Data.mkf,565,FLC,264494,33f 440x440
Data.mkf,566,FLC,192690,39f 440x440
Data.mkf,567,FLC,175312,30f 440x440
Data.mkf,568,FLC,138758,39f 440x440
Data.mkf,569,FLC,216084,33f 440x440
Data.mkf,570,FLC,303542,35f 440x440
Data.mkf,571,PAD,84480,blank
Data.mkf,572,PAD,84480,blank
Data.mkf,573,PAD,84480,blank
Data.mkf,574,PAD,84480,blank
Data.mkf,575,PAD,84480,blank
Data.mkf,576,PAD,84480,blank
Data.mkf,577,PAD,84480,blank
Data.mkf,578,PAD,84480,blank
Data.mkf,579,PAD,84480,blank
Data.mkf,580,PAD,84480,blank
Data.mkf,581,PAD,84480,blank
Data.mkf,582,PAD,84480,blank
Data.mkf,583,PAD,84480,blank
Data.mkf,584,PAD,84480,blank
Data.mkf,585,PAD,84480,blank
Data.mkf,586,PAD,84480,blank
Data.mkf,587,PAD,84480,blank
Data.mkf,588,PAD,84480,blank
Data.mkf,589,PAD,84480,blank
Data.mkf,590,PAD,84480,blank
Data.mkf,591,PAD,84480,blank
Data.mkf,592,PAD,84480,blank
Data.mkf,593,PAD,84480,blank
Data.mkf,594,PAD,84480,blank
Data.mkf,595,PAD,84480,blank
Data.mkf,596,PAD,84480,blank
Data.mkf,597,PAD,84480,blank
Data.mkf,598,PAD,84480,blank
Data.mkf,599,PAD,84480,blank
Data.mkf,600,PAD,84480,blank
Data.mkf,601,PAD,614400,blank
Effect.mkf,0,WAV,5450,
Effect.mkf,1,WAV,10266,
Effect.mkf,2,WAV,8322,
Effect.mkf,3,WAV,12374,
Effect.mkf,4,WAV,3204,
Effect.mkf,5,WAV,3218,
Effect.mkf,6,WAV,2418,
Effect.mkf,7,WAV,2210,
Effect.mkf,8,WAV,49866,
Effect.mkf,9,WAV,640,
Effect.mkf,10,WAV,3202,
Effect.mkf,11,WAV,3400,
Effect.mkf,12,WAV,7214,
Effect.mkf,13,WAV,3218,
Effect.mkf,14,WAV,16400,
Effect.mkf,15,WAV,13872,
Effect.mkf,16,WAV,8466,
Effect.mkf,17,WAV,6976,
Effect.mkf,18,WAV,15942,
Effect.mkf,19,WAV,2454,
Effect.mkf,20,WAV,3324,
Effect.mkf,21,WAV,6688,
Effect.mkf,22,WAV,4148,
Effect.mkf,23,WAV,2134,
Effect.mkf,24,WAV,85550,
Effect.mkf,25,WAV,15014,
Effect.mkf,26,WAV,12966,
Effect.mkf,27,WAV,41152,
Effect.mkf,28,WAV,129348,
Effect.mkf,29,WAV,5794,
Effect.mkf,30,WAV,32276,
Effect.mkf,31,WAV,5698,
Effect.mkf,32,WAV,32360,
Effect.mkf,33,WAV,10690,
Effect.mkf,34,WAV,14962,
Effect.mkf,35,WAV,33070,
Effect.mkf,36,WAV,29068,
Effect.mkf,37,WAV,37676,
Effect.mkf,38,WAV,12442,
Effect.mkf,39,WAV,4768,
Effect.mkf,40,WAV,2466,
Effect.mkf,41,WAV,13852,
Effect.mkf,42,WAV,5604,
Effect.mkf,43,WAV,10288,
Effect.mkf,44,WAV,4928,
Effect.mkf,45,WAV,33286,
Effect.mkf,46,WAV,60106,
Effect.mkf,47,WAV,12946,
Effect.mkf,48,WAV,23142,
Effect.mkf,49,WAV,3302,
Effect.mkf,50,WAV,20008,
Effect.mkf,51,WAV,2086,
Effect.mkf,52,WAV,2086,
Effect.mkf,53,WAV,12518,
Effect.mkf,54,WAV,41498,
Effect.mkf,55,WAV,6482,
Effect.mkf,56,WAV,7964,
Effect.mkf,57,WAV,79052,
Effect.mkf,58,WAV,72328,
Effect.mkf,59,WAV,81346,
Effect.mkf,60,WAV,68148,
Effect.mkf,61,WAV,86744,
Effect.mkf,62,WAV,8946,
Effect.mkf,63,WAV,5410,
Effect.mkf,64,EMPTY,0,
Effect.mkf,65,EMPTY,0,
Effect.mkf,66,EMPTY,0,
Effect.mkf,67,EMPTY,0,
Effect.mkf,68,EMPTY,0,
Effect.mkf,69,EMPTY,0,
Effect.mkf,70,EMPTY,0,
Effect.mkf,71,EMPTY,0,
Effect.mkf,72,EMPTY,0,
Effect.mkf,73,EMPTY,0,
Effect.mkf,74,EMPTY,0,
Effect.mkf,75,EMPTY,0,
Effect.mkf,76,EMPTY,0,
Effect.mkf,77,EMPTY,0,
Effect.mkf,78,EMPTY,0,
Effect.mkf,79,EMPTY,0,
Effect.mkf,80,WAV,34020,
Effect.mkf,81,WAV,45046,
Effect.mkf,82,WAV,20056,
Effect.mkf,83,WAV,64890,
Effect.mkf,84,WAV,71506,
Effect.mkf,85,WAV,36794,
Effect.mkf,86,WAV,91184,
Effect.mkf,87,WAV,63254,
Effect.mkf,88,WAV,27974,
Effect.mkf,89,WAV,27974,
Effect.mkf,90,WAV,64806,
Effect.mkf,91,WAV,85304,
Effect.mkf,92,WAV,136754,
Effect.mkf,93,WAV,97064,
Effect.mkf,94,WAV,54434,
Effect.mkf,95,WAV,19890,
Effect.mkf,96,WAV,40470,
Effect.mkf,97,WAV,108824,
Effect.mkf,98,WAV,38664,
Effect.mkf,99,WAV,38664,
Effect.mkf,100,WAV,15480,
Effect.mkf,101,WAV,30914,
Effect.mkf,102,WAV,74362,
Effect.mkf,103,WAV,80976,
Effect.mkf,104,WAV,80976,
Effect.mkf,105,WAV,110376,
Effect.mkf,106,WAV,64806,
Effect.mkf,107,WAV,90532,
Effect.mkf,108,WAV,114052,
Effect.mkf,109,WAV,114052,
Effect.mkf,110,WAV,105232,
Effect.mkf,111,WAV,80976,
Effect.mkf,112,WAV,118462,
Effect.mkf,113,WAV,151454,
Effect.mkf,114,WAV,132344,
help.mkf,0,SMP,344474,
help.mkf,1,TEXT,78,
help.mkf,2,TEXT,566,
help.mkf,3,TEXT,104,
help.mkf,4,TEXT,370,
help.mkf,5,TEXT,189,
help.mkf,6,TEXT,110,
help.mkf,7,TEXT,528,
help.mkf,8,TEXT,21,
help.mkf,9,TEXT,21,
help.mkf,10,TEXT,198,
help.mkf,11,TEXT,82,
help.mkf,12,TEXT,87,
help.mkf,13,TEXT,581,
help.mkf,14,TEXT,101,
help.mkf,15,TEXT,294,
help.mkf,16,TEXT,160,
help.mkf,17,TEXT,105,
help.mkf,18,TEXT,87,
help.mkf,19,TEXT,74,
help.mkf,20,TEXT,1737,
help.mkf,21,TEXT,791,
help.mkf,22,TEXT,832,
help.mkf,23,TEXT,45,
help.mkf,24,TEXT,118,
help.mkf,25,TEXT,42,
help.mkf,26,TEXT,38,
help.mkf,27,TEXT,242,
help.mkf,28,TEXT,105,
help.mkf,29,TEXT,28,
help.mkf,30,TEXT,30,
help.mkf,31,TEXT,30,
help.mkf,32,TEXT,42,
help.mkf,33,TEXT,87,
help.mkf,34,TEXT,133,
help.mkf,35,TEXT,225,
help.mkf,36,TEXT,137,
help.mkf,37,TEXT,133,
help.mkf,38,TEXT,74,
help.mkf,39,TEXT,74,
help.mkf,40,TEXT,99,
help.mkf,41,TEXT,150,
help.mkf,42,TEXT,139,
help.mkf,43,TEXT,166,
help.mkf,44,TEXT,166,
help.mkf,45,TEXT,143,
help.mkf,46,TEXT,139,
help.mkf,47,TEXT,84,
help.mkf,48,TEXT,147,
help.mkf,49,TEXT,162,
help.mkf,50,TEXT,80,
help.mkf,51,TEXT,223,
help.mkf,52,TEXT,87,
help.mkf,53,TEXT,89,
help.mkf,54,TEXT,91,
help.mkf,55,TEXT,80,
help.mkf,56,TEXT,105,
help.mkf,57,TEXT,147,
help.mkf,58,TEXT,135,
help.mkf,59,TEXT,169,
help.mkf,60,TEXT,157,
help.mkf,61,TEXT,177,
help.mkf,62,TEXT,136,
help.mkf,63,TEXT,129,
help.mkf,64,TEXT,175,
help.mkf,65,TEXT,125,
help.mkf,66,TEXT,146,
help.mkf,67,TEXT,185,
help.mkf,68,TEXT,127,
help.mkf,69,TEXT,119,
help.mkf,70,TEXT,135,
help.mkf,71,TEXT,95,
help.mkf,72,TEXT,142,
help.mkf,73,TEXT,120,
help.mkf,74,TEXT,141,
help.mkf,75,TEXT,127,
help.mkf,76,TEXT,141,
help.mkf,77,TEXT,186,
help.mkf,78,TEXT,175,
help.mkf,79,TEXT,143,
help.mkf,80,TEXT,129,
help.mkf,81,TEXT,89,
help.mkf,82,TEXT,168,
help.mkf,83,TEXT,131,
help.mkf,84,TEXT,126,
help.mkf,85,TEXT,131,
help.mkf,86,TEXT,99,
help.mkf,87,TEXT,132,
help.mkf,88,TEXT,154,
help.mkf,89,TEXT,121,
help.mkf,90,TEXT,244,
help.mkf,91,TEXT,138,
help.mkf,92,TEXT,124,
help.mkf,93,TEXT,152,
help.mkf,94,TEXT,219,
help.mkf,95,TEXT,156,
help.mkf,96,TEXT,118,
help.mkf,97,TEXT,108,
help.mkf,98,TEXT,110,
help.mkf,99,TEXT,152,
jump.mkf,0,RAW,614400,640x480
jump.mkf,1,RAW,614400,640x480
jump.mkf,2,RAW,614400,640x480
jump.mkf,3,RAW,614400,640x480
jump.mkf,4,PAD,614400,blank
jump.mkf,5,RAW,614400,640x480
jump.mkf,6,RAW,614400,640x480
jump.mkf,7,RAW,614400,640x480
jump.mkf,8,SMP,928812,
jump.mkf,9,SPR,358053,
jump.mkf,10,SPR,231340,
jump.mkf,11,SPR,166189,
jump.mkf,12,SPR,269259,
jump.mkf,13,SPR,230009,
jump.mkf,14,SPR,141491,
jump.mkf,15,SPR,107728,
jump.mkf,16,SPR,219493,
jump.mkf,17,SPR,169515,
jump.mkf,18,SPR,436288,
jump.mkf,19,SPR,280362,
jump.mkf,20,SPR,198899,
jump.mkf,21,SPR,264725,
jump.mkf,22,SPR,230324,
jump.mkf,23,SPR,194271,
jump.mkf,24,SPR,158654,
jump.mkf,25,SPR,282187,
jump.mkf,26,SPR,178931,
jump.mkf,27,SPR,394441,
jump.mkf,28,SPR,303082,
jump.mkf,29,SPR,177741,
jump.mkf,30,SPR,384488,
jump.mkf,31,SPR,234252,
jump.mkf,32,SPR,153729,
jump.mkf,33,SPR,150991,
jump.mkf,34,SPR,209019,
jump.mkf,35,SPR,134618,
jump.mkf,36,SPR,209393,
jump.mkf,37,SPR,221982,
jump.mkf,38,SPR,136673,
jump.mkf,39,SPR,203513,
jump.mkf,40,SPR,184412,
jump.mkf,41,SPR,135401,
jump.mkf,42,SPR,141094,
jump.mkf,43,SPR,202208,
jump.mkf,44,SPR,282008,
jump.mkf,45,SMP,1611286,
jump.mkf,46,FLC,586274,15f 220x240
jump.mkf,47,FLC,669238,40f 640x480
jump.mkf,48,FLC,584684,48f 640x480
jump.mkf,49,FLC,685410,43f 640x480
jump.mkf,50,FLC,450706,48f 640x480
jump.mkf,51,FLC,766102,48f 640x480
jump.mkf,52,FLC,556500,48f 640x480
jump.mkf,53,FLC,472658,49f 640x480
jump.mkf,54,FLC,436096,45f 640x480
jump.mkf,55,FLC,454722,48f 640x480
jump.mkf,56,FLC,415218,44f 640x480
jump.mkf,57,FLC,414472,42f 640x480
jump.mkf,58,FLC,262734,48f 640x480
jump.mkf,59,FLC,1189924,37f 640x480
jump.mkf,60,FLC,1323428,42f 640x480
jump.mkf,61,FLC,754082,36f 640x480
jump.mkf,62,FLC,1150564,42f 640x480
jump.mkf,63,FLC,1106838,45f 640x480
jump.mkf,64,FLC,928670,43f 640x480
jump.mkf,65,FLC,1148792,40f 640x480
jump.mkf,66,FLC,752246,41f 640x480
jump.mkf,67,FLC,828788,36f 640x480
jump.mkf,68,FLC,712570,43f 640x480
jump.mkf,69,FLC,1234682,42f 640x480
jump.mkf,70,FLC,643072,43f 640x480
map.mkf,0,GND,5319312,grid=72x72 count=5184
map.mkf,1,DATA,7956,
map.mkf,2,GND,5319312,grid=72x72 count=5184
map.mkf,3,DATA,11208,
map.mkf,4,GND,5319312,grid=72x72 count=5184
map.mkf,5,DATA,8256,
map.mkf,6,GND,5319312,grid=72x72 count=5184
map.mkf,7,DATA,9056,
map.mkf,8,GND,5319312,grid=72x72 count=5184
map.mkf,9,DATA,8604,
map.mkf,10,GND,5319312,grid=72x72 count=5184
map.mkf,11,DATA,13584,
map.mkf,12,GND,5319312,grid=72x72 count=5184
map.mkf,13,DATA,13572,
map.mkf,14,GND,5319312,grid=72x72 count=5184
map.mkf,15,DATA,8004,
map.mkf,16,SMP,400036,
map.mkf,17,SMP,400036,
map.mkf,18,SMP,400036,
map.mkf,19,SMP,400036,
map.mkf,20,SMP,400036,
map.mkf,21,SMP,400036,
map.mkf,22,SMP,400036,
map.mkf,23,SMP,400036,
map.mkf,24,SMP,2009716,
map.mkf,25,SPR,13873,
map.mkf,26,SPR,39601,
map.mkf,27,SMP,24924,
map.mkf,28,SMP,17554,
map.mkf,29,SMP,15412,
map.mkf,30,SMP,20344,
map.mkf,31,SMP,20342,
map.mkf,32,SMP,22348,
map.mkf,33,SMP,21156,
map.mkf,34,SMP,21038,
map.mkf,35,SMP,23830,
map.mkf,36,SMP,21374,
map.mkf,37,SMP,19230,
map.mkf,38,SMP,15922,
map.mkf,39,SPR,10823,
map.mkf,40,SPR,32479,
map.mkf,41,SPR,29233,
map.mkf,42,SPR,30371,
map.mkf,43,SPR,45767,
map.mkf,44,SPR,10616,
map.mkf,45,SPR,20666,
map.mkf,46,SPR,22977,
map.mkf,47,SPR,26192,
map.mkf,48,SPR,30703,
map.mkf,49,SPR,8237,
map.mkf,50,SPR,20443,
map.mkf,51,SPR,21976,
map.mkf,52,SPR,27815,
map.mkf,53,SPR,26076,
map.mkf,54,SPR,22366,
map.mkf,55,SPR,22325,
map.mkf,56,SPR,26370,
map.mkf,57,SPR,37497,
map.mkf,58,SPR,54988,
map.mkf,59,SPR,27544,
map.mkf,60,SPR,27188,
map.mkf,61,SPR,29229,
map.mkf,62,SPR,30830,
map.mkf,63,SPR,32102,
map.mkf,64,SPR,20261,
map.mkf,65,SPR,23344,
map.mkf,66,SPR,28921,
map.mkf,67,SPR,29430,
map.mkf,68,SPR,41274,
map.mkf,69,SPR,11585,
map.mkf,70,SPR,12701,
map.mkf,71,SPR,20868,
map.mkf,72,SPR,33316,
map.mkf,73,SPR,40498,
map.mkf,74,SPR,10823,
map.mkf,75,SPR,32479,
map.mkf,76,SPR,29233,
map.mkf,77,SPR,30371,
map.mkf,78,SPR,45767,
map.mkf,79,SPR,21267,
map.mkf,80,SPR,21267,
map.mkf,81,SPR,21267,
map.mkf,82,SPR,21267,
map.mkf,83,SPR,27620,
map.mkf,84,SPR,32522,
map.mkf,85,SPR,25390,
map.mkf,86,SPR,21267,
map.mkf,87,SPR,61888,
map.mkf,88,SPR,29095,
map.mkf,89,SPR,30653,
map.mkf,90,SPR,63850,
map.mkf,91,SPR,117735,
map.mkf,92,SPR,146968,
map.mkf,93,SPR,32142,
map.mkf,94,SPR,50294,
map.mkf,95,SPR,78557,
map.mkf,96,SPR,95707,
map.mkf,97,SPR,113206,
map.mkf,98,SPR,79465,
map.mkf,99,SPR,13644,
map.mkf,100,SPR,36788,
map.mkf,101,SPR,40908,
map.mkf,102,SPR,46458,
map.mkf,103,SPR,50187,
map.mkf,104,SPR,107784,
map.mkf,105,SPR,80347,
map.mkf,106,SPR,99367,
map.mkf,107,SPR,107596,
map.mkf,108,SPR,118588,
map.mkf,109,SPR,126925,
map.mkf,110,SPR,150548,
map.mkf,111,SPR,190980,
map.mkf,112,SPR,215996,
map.mkf,113,SPR,259290,
map.mkf,114,SPR,262126,
map.mkf,115,SPR,146165,
map.mkf,116,SPR,40510,
map.mkf,117,SPR,44804,
map.mkf,118,SPR,65260,
map.mkf,119,SPR,70457,
map.mkf,120,SPR,175569,
map.mkf,121,SPR,61888,
map.mkf,122,SPR,78856,
map.mkf,123,SPR,78580,
map.mkf,124,SPR,103124,
map.mkf,125,SPR,145710,
map.mkf,126,SPR,205825,
map.mkf,127,SPR,72029,
map.mkf,128,SPR,104535,
map.mkf,129,SPR,97403,
map.mkf,130,SPR,115286,
map.mkf,131,SPR,129415,
map.mkf,132,SPR,161924,
map.mkf,133,SPR,86630,
map.mkf,134,SPR,113751,
map.mkf,135,SPR,86354,
map.mkf,136,SPR,129897,
map.mkf,137,SPR,145338,
map.mkf,138,SPR,61888,
map.mkf,139,SPR,55784,
map.mkf,140,SPR,57050,
map.mkf,141,SPR,69827,
map.mkf,142,SPR,97727,
map.mkf,143,SPR,127981,
map.mkf,144,SPR,57181,
map.mkf,145,SPR,76350,
map.mkf,146,SPR,74072,
map.mkf,147,SPR,160769,
map.mkf,148,SPR,154125,
map.mkf,149,SPR,126740,
map.mkf,150,SPR,52621,
map.mkf,151,SPR,63005,
map.mkf,152,SPR,73158,
map.mkf,153,SPR,102728,
map.mkf,154,SPR,158249,
map.mkf,155,SPR,61888,
map.mkf,156,SPR,29095,
map.mkf,157,SPR,30653,
map.mkf,158,SPR,63850,
map.mkf,159,SPR,117735,
map.mkf,160,SPR,146968,
map.mkf,161,SPR,32142,
map.mkf,162,SPR,50294,
map.mkf,163,SPR,78557,
map.mkf,164,SPR,95707,
map.mkf,165,SPR,113206,
map.mkf,166,SPR,79465,
map.mkf,167,SPR,13644,
map.mkf,168,SPR,36788,
map.mkf,169,SPR,40908,
map.mkf,170,SPR,46458,
map.mkf,171,SPR,50187,
map.mkf,172,SPR,127161,
map.mkf,173,SPR,144226,
map.mkf,174,SPR,92988,
map.mkf,175,SPR,74325,
map.mkf,176,SPR,92240,
map.mkf,177,SPR,84187,
map.mkf,178,SPR,86852,
map.mkf,179,SPR,62775,
map.mkf,180,SPR,130328,
map.mkf,181,SPR,62000,
map.mkf,182,SPR,94680,
map.mkf,183,SPR,134820,
map.mkf,184,SPR,176475,
map.mkf,185,SPR,145205,
map.mkf,186,SPR,211851,
map.mkf,187,SPR,441972,
map.mkf,188,SPR,381626,
map.mkf,189,SPR,129240,
map.mkf,190,SPR,418704,
map.mkf,191,SPR,401953,
map.mkf,192,SPR,358452,
map.mkf,193,SPR,121026,
map.mkf,194,SPR,630291,
map.mkf,195,SPR,412296,
map.mkf,196,SPR,500171,
map.mkf,197,SPR,409027,
map.mkf,198,SPR,86120,
map.mkf,199,SPR,114825,
map.mkf,200,SPR,147964,
map.mkf,201,SPR,249588,
map.mkf,202,SPR,191910,
map.mkf,203,SPR,173978,
map.mkf,204,SPR,183159,
map.mkf,205,SPR,207408,
map.mkf,206,SPR,168529,
map.mkf,207,SPR,131517,
map.mkf,208,SPR,139059,
map.mkf,209,SPR,497087,
map.mkf,210,SPR,293085,
map.mkf,211,SPR,155540,
map.mkf,212,SPR,143409,
map.mkf,213,SPR,47313,
map.mkf,214,SPR,57555,
map.mkf,215,SPR,64098,
map.mkf,216,SPR,59915,
map.mkf,217,SPR,60623,
map.mkf,218,SPR,34663,
map.mkf,219,SPR,71681,
map.mkf,220,SPR,186140,
map.mkf,221,SPR,108074,
map.mkf,222,SPR,206275,
map.mkf,223,SPR,99347,
map.mkf,224,SPR,123004,
map.mkf,225,SPR,114803,
map.mkf,226,SPR,106772,
map.mkf,227,SPR,161333,
map.mkf,228,SPR,97842,
map.mkf,229,SPR,126097,
map.mkf,230,SPR,116282,
map.mkf,231,SPR,98608,
map.mkf,232,SPR,116728,
map.mkf,233,SPR,115989,
map.mkf,234,SPR,85057,
map.mkf,235,SPR,92745,
map.mkf,236,SPR,56423,
map.mkf,237,SPR,86066,
map.mkf,238,SPR,60507,
map.mkf,239,SPR,123294,
map.mkf,240,SPR,376092,
map.mkf,241,SPR,93008,
map.mkf,242,SPR,157728,
map.mkf,243,SPR,217238,
map.mkf,244,SPR,161550,
map.mkf,245,SPR,52098,
map.mkf,246,SPR,123584,
map.mkf,247,SPR,130666,
map.mkf,248,SPR,155504,
map.mkf,249,SPR,152944,
map.mkf,250,SPR,252504,
map.mkf,251,SPR,72658,
map.mkf,252,SPR,98112,
map.mkf,253,SPR,278227,
map.mkf,254,SPR,379843,
map.mkf,255,SPR,313934,
map.mkf,256,SPR,286296,
map.mkf,257,SPR,256481,
map.mkf,258,SPR,249391,
map.mkf,259,SPR,275920,
map.mkf,260,SPR,158921,
map.mkf,261,SPR,119091,
map.mkf,262,SPR,134820,
map.mkf,263,SPR,71974,
map.mkf,264,SPR,64890,
map.mkf,265,SPR,55284,
map.mkf,266,SPR,196834,
map.mkf,267,SPR,181525,
map.mkf,268,SPR,219685,
map.mkf,269,SPR,191986,
map.mkf,270,SPR,298783,
map.mkf,271,SPR,217227,
map.mkf,272,SPR,226542,
map.mkf,273,SPR,217468,
map.mkf,274,SPR,213979,
map.mkf,275,SPR,87178,
map.mkf,276,SPR,264676,
map.mkf,277,SPR,179577,
map.mkf,278,SPR,248697,
map.mkf,279,SPR,591000,
map.mkf,280,SPR,134820,
map.mkf,281,SPR,144583,
map.mkf,282,SPR,249407,
map.mkf,283,SPR,102052,
map.mkf,284,SPR,314386,
map.mkf,285,SPR,190779,
map.mkf,286,SPR,222972,
map.mkf,287,SPR,214301,
map.mkf,288,SPR,289585,
map.mkf,289,SPR,347830,
map.mkf,290,SPR,229142,
map.mkf,291,SPR,216792,
map.mkf,292,SPR,150785,
map.mkf,293,SPR,396923,
map.mkf,294,SPR,107819,
map.mkf,295,SPR,59390,
map.mkf,296,SPR,277513,
map.mkf,297,SPR,134820,
Panel.mkf,0,SMP,592084,
Panel.mkf,1,SMP,89872,
Panel.mkf,2,SMP,643964,
Panel.mkf,3,SPR,23990,
Panel.mkf,4,FLC,60292,36f 189x285
Panel.mkf,5,FLC,86154,36f 189x285
Panel.mkf,6,FLC,117746,36f 189x285
Panel.mkf,7,SMP,60744,
Panel.mkf,8,DATA,4824,
Panel.mkf,9,SMP,1932254,
Panel.mkf,10,SMP,2289980,
Panel.mkf,11,SMP,338930,
Panel.mkf,12,SMP,1200848,
Panel.mkf,13,SMP,5298,
Panel.mkf,14,FLC,50368,5f 213x68
Panel.mkf,15,SMP,1821142,
Panel.mkf,16,FLC,1189240,42f 275x270
Panel.mkf,17,FLC,774838,37f 280x480
Panel.mkf,18,SMP,1170174,
Panel.mkf,19,PAD,307200,blank
Panel.mkf,20,FLC,2442780,25f 640x480
Panel.mkf,21,SPR,37800,
Panel.mkf,22,DATA,24576,
Panel.mkf,23,SMP,1757322,
Panel.mkf,24,SMP,275912,
Panel.mkf,25,SMP,3603212,
Panel.mkf,26,SMP,2507326,
Panel.mkf,27,SPR,19144,
Panel.mkf,28,SPR,5216,
Panel.mkf,29,SPR,19144,
Panel.mkf,30,SPR,23024,
Panel.mkf,31,SPR,5024,
Panel.mkf,32,SPR,23024,
Panel.mkf,33,SPR,12136,
Panel.mkf,34,SPR,3434,
Panel.mkf,35,SPR,12364,
Panel.mkf,36,SPR,17984,
Panel.mkf,37,SPR,3392,
Panel.mkf,38,SPR,17984,
Panel.mkf,39,SPR,16184,
Panel.mkf,40,SPR,3704,
Panel.mkf,41,SPR,16184,
Panel.mkf,42,SPR,17228,
Panel.mkf,43,SPR,3308,
Panel.mkf,44,SPR,16586,
Panel.mkf,45,SPR,14584,
Panel.mkf,46,SPR,4586,
Panel.mkf,47,SPR,14584,
Panel.mkf,48,SPR,22628,
Panel.mkf,49,SPR,4262,
Panel.mkf,50,SPR,22628,
Panel.mkf,51,SPR,25076,
Panel.mkf,52,SPR,4616,
Panel.mkf,53,SPR,25076,
Panel.mkf,54,SPR,21020,
Panel.mkf,55,SPR,3342,
Panel.mkf,56,SPR,21020,
Panel.mkf,57,SPR,14844,
Panel.mkf,58,SPR,4004,
Panel.mkf,59,SPR,14844,
Panel.mkf,60,SPR,13364,
Panel.mkf,61,SPR,2456,
Panel.mkf,62,SPR,15522,
Panel.mkf,63,SMP,1117818,
Panel.mkf,64,SMP,287918,
Panel.mkf,65,SMP,1218248,
Panel.mkf,66,SMP,844836,
Panel.mkf,67,SMP,193914,
Panel.mkf,68,SMP,671040,
Panel.mkf,69,SMP,669066,
Panel.mkf,70,SMP,670054,
Panel.mkf,71,SMP,668072,
Panel.mkf,72,SMP,38696,
Panel.mkf,73,SMP,1668942,
Panel.mkf,74,SMP,9378,
Panel.mkf,75,SMP,2135330,
Panel.mkf,76,SMP,511512,
Panel.mkf,77,SMP,471128,
Panel.mkf,78,FLC,529062,20f 640x480
Panel.mkf,79,SMP,99310,
Panel.mkf,80,SMP,639444,
Panel.mkf,81,PAD,307200,blank
Panel.mkf,82,SPR,55790,
Panel.mkf,83,SPR,61425,
Panel.mkf,84,SPR,23468,
Panel.mkf,85,SPR,15600,
Panel.mkf,86,SPR,8932,
Panel.mkf,87,SPR,1877,
Panel.mkf,88,SPR,1890,
Panel.mkf,89,SPR,1890,
Panel.mkf,90,SPR,2226,
Panel.mkf,91,SMP,753780,
Panel.mkf,92,RAW,614400,640x480
Panel.mkf,93,SPR,107294,
Panel.mkf,94,SPR,23878,
Panel.mkf,95,SPR,16135,
Panel.mkf,96,SPR,16289,
Panel.mkf,97,SPR,7124,
Panel.mkf,98,SPR,4465,
Panel.mkf,99,SPR,11114,
Panel.mkf,100,SPR,134844,
Panel.mkf,101,SPR,147203,
Panel.mkf,102,SPR,114679,
Panel.mkf,103,SPR,141867,
Panel.mkf,104,SPR,111679,
Panel.mkf,105,SPR,100778,
Panel.mkf,106,SPR,147516,
Panel.mkf,107,SPR,143707,
Panel.mkf,108,SPR,130924,
Panel.mkf,109,SPR,104735,
Panel.mkf,110,SPR,78307,
Panel.mkf,111,SPR,129723,
Panel.mkf,112,SMP,171118,
Speaking.mkf,0,WAV,40970,
Speaking.mkf,1,WAV,48012,
Speaking.mkf,2,WAV,43550,
Speaking.mkf,3,WAV,43428,
Speaking.mkf,4,WAV,29386,
Speaking.mkf,5,WAV,30094,
Speaking.mkf,6,WAV,34152,
Speaking.mkf,7,WAV,49308,
Speaking.mkf,8,WAV,49494,
Speaking.mkf,9,WAV,44972,
Speaking.mkf,10,WAV,18508,
Speaking.mkf,11,WAV,70698,
Speaking.mkf,12,WAV,58472,
Speaking.mkf,13,WAV,45692,
Speaking.mkf,14,WAV,46268,
Speaking.mkf,15,WAV,75218,
Speaking.mkf,16,WAV,22356,
Speaking.mkf,17,WAV,68984,
Speaking.mkf,18,WAV,55574,
Speaking.mkf,19,WAV,28396,
Speaking.mkf,20,WAV,18960,
Speaking.mkf,21,WAV,23838,
Speaking.mkf,22,WAV,18048,
Speaking.mkf,23,WAV,20118,
Speaking.mkf,24,WAV,19072,
Speaking.mkf,25,WAV,19850,
Speaking.mkf,26,WAV,20080,
Speaking.mkf,27,WAV,14040,
Speaking.mkf,28,WAV,11700,
Speaking.mkf,29,WAV,13964,
Speaking.mkf,30,WAV,16656,
Speaking.mkf,31,WAV,14882,
Speaking.mkf,32,WAV,36126,
Speaking.mkf,33,WAV,61510,
Speaking.mkf,34,WAV,38236,
Speaking.mkf,35,WAV,40704,
Speaking.mkf,36,WAV,21438,
Speaking.mkf,37,WAV,102414,
Speaking.mkf,38,WAV,64000,
Speaking.mkf,39,WAV,66940,
Speaking.mkf,40,WAV,46568,
Speaking.mkf,41,WAV,61786,
Speaking.mkf,42,WAV,72170,
Speaking.mkf,43,WAV,66146,
Speaking.mkf,44,WAV,70094,
Speaking.mkf,45,WAV,55186,
Speaking.mkf,46,WAV,46834,
Speaking.mkf,47,WAV,43958,
Speaking.mkf,48,WAV,46446,
Speaking.mkf,49,WAV,46530,
Speaking.mkf,50,WAV,45842,
Speaking.mkf,51,WAV,44970,
Speaking.mkf,52,WAV,28338,
Speaking.mkf,53,WAV,36398,
Speaking.mkf,54,WAV,37486,
Speaking.mkf,55,WAV,45836,
Speaking.mkf,56,WAV,21130,
Speaking.mkf,57,WAV,24712,
Speaking.mkf,58,WAV,48994,
Speaking.mkf,59,WAV,48726,
Speaking.mkf,60,WAV,53302,
Speaking.mkf,61,WAV,50988,
Speaking.mkf,62,WAV,49406,
Speaking.mkf,63,WAV,45124,
Speaking.mkf,64,WAV,28468,
Speaking.mkf,65,WAV,27912,
Speaking.mkf,66,WAV,50446,
Speaking.mkf,67,WAV,52510,
Speaking.mkf,68,WAV,52396,
Speaking.mkf,69,WAV,50936,
Speaking.mkf,70,WAV,64344,
Speaking.mkf,71,WAV,75602,
Speaking.mkf,72,WAV,50206,
Speaking.mkf,73,WAV,50316,
Speaking.mkf,74,WAV,62044,
Speaking.mkf,75,WAV,45284,
Speaking.mkf,76,WAV,27790,
Speaking.mkf,77,WAV,45114,
Speaking.mkf,78,WAV,43766,
Speaking.mkf,79,WAV,43194,
Speaking.mkf,80,WAV,41684,
Speaking.mkf,81,WAV,63472,
Speaking.mkf,82,WAV,47142,
Speaking.mkf,83,WAV,56094,
Speaking.mkf,84,WAV,38676,
Speaking.mkf,85,WAV,22934,
Speaking.mkf,86,WAV,54324,
Speaking.mkf,87,WAV,40122,
Speaking.mkf,88,WAV,39230,
Speaking.mkf,89,WAV,37446,
Speaking.mkf,90,WAV,28530,
Speaking.mkf,91,WAV,16332,
Speaking.mkf,92,WAV,76894,
Speaking.mkf,93,WAV,106480,
Speaking.mkf,94,WAV,48332,
Speaking.mkf,95,WAV,48418,
Speaking.mkf,96,WAV,24348,
Speaking.mkf,97,WAV,29664,
Speaking.mkf,98,WAV,22620,
Speaking.mkf,99,WAV,26026,
Speaking.mkf,100,WAV,23978,
Speaking.mkf,101,WAV,29506,
Speaking.mkf,102,WAV,33328,
Speaking.mkf,103,WAV,19872,
Speaking.mkf,104,WAV,19114,
Speaking.mkf,105,WAV,24838,
Speaking.mkf,106,WAV,29370,
Speaking.mkf,107,WAV,26198,
Speaking.mkf,108,WAV,50126,
Speaking.mkf,109,WAV,29484,
Speaking.mkf,110,WAV,19520,
Speaking.mkf,111,WAV,21518,
Speaking.mkf,112,WAV,17440,
Speaking.mkf,113,WAV,17618,
Speaking.mkf,114,WAV,15724,
Speaking.mkf,115,WAV,19040,
Speaking.mkf,116,WAV,18598,
Speaking.mkf,117,WAV,14522,
Speaking.mkf,118,WAV,10524,
Speaking.mkf,119,WAV,15416,
Speaking.mkf,120,WAV,16480,
Speaking.mkf,121,WAV,13966,
Speaking.mkf,122,WAV,33312,
Speaking.mkf,123,WAV,49280,
Speaking.mkf,124,WAV,58468,
Speaking.mkf,125,WAV,51328,
Speaking.mkf,126,WAV,56874,
Speaking.mkf,127,WAV,67910,
Speaking.mkf,128,WAV,18888,
Speaking.mkf,129,WAV,54502,
Speaking.mkf,130,WAV,25596,
Speaking.mkf,131,WAV,33266,
Speaking.mkf,132,WAV,24058,
Speaking.mkf,133,WAV,8270,
Speaking.mkf,134,WAV,9546,
Speaking.mkf,135,WAV,8362,
Speaking.mkf,136,WAV,38916,
Speaking.mkf,137,WAV,44572,
Speaking.mkf,138,WAV,46086,
Speaking.mkf,139,WAV,45318,
Speaking.mkf,140,WAV,47862,
Speaking.mkf,141,WAV,49760,
Speaking.mkf,142,WAV,51564,
Speaking.mkf,143,WAV,41624,
Speaking.mkf,144,WAV,41534,
Speaking.mkf,145,WAV,44138,
Speaking.mkf,146,WAV,46736,
Speaking.mkf,147,WAV,46102,
Speaking.mkf,148,WAV,44328,
Speaking.mkf,149,WAV,48844,
Speaking.mkf,150,WAV,44922,
Speaking.mkf,151,WAV,48246,
Speaking.mkf,152,WAV,48268,
Speaking.mkf,153,WAV,38794,
Speaking.mkf,154,WAV,67868,
Speaking.mkf,155,WAV,29900,
Speaking.mkf,156,WAV,57916,
Speaking.mkf,157,WAV,42984,
Speaking.mkf,158,WAV,46402,
Speaking.mkf,159,WAV,57080,
Speaking.mkf,160,WAV,47316,
Speaking.mkf,161,WAV,40486,
Speaking.mkf,162,WAV,44948,
Speaking.mkf,163,WAV,46348,
Speaking.mkf,164,WAV,63922,
Speaking.mkf,165,WAV,62624,
Speaking.mkf,166,WAV,67692,
Speaking.mkf,167,WAV,52890,
Speaking.mkf,168,WAV,46572,
Speaking.mkf,169,WAV,67462,
Speaking.mkf,170,WAV,73128,
Speaking.mkf,171,WAV,40058,
Speaking.mkf,172,WAV,38454,
Speaking.mkf,173,WAV,54402,
Speaking.mkf,174,WAV,54998,
Speaking.mkf,175,WAV,38222,
Speaking.mkf,176,WAV,40478,
Speaking.mkf,177,WAV,43104,
Speaking.mkf,178,WAV,86978,
Speaking.mkf,179,WAV,55260,
Speaking.mkf,180,WAV,61196,
Speaking.mkf,181,WAV,42238,
Speaking.mkf,182,WAV,64354,
Speaking.mkf,183,WAV,56472,
Speaking.mkf,184,WAV,42952,
Speaking.mkf,185,WAV,51602,
Speaking.mkf,186,WAV,48698,
Speaking.mkf,187,WAV,57454,
Speaking.mkf,188,WAV,81924,
Speaking.mkf,189,WAV,84364,
Speaking.mkf,190,WAV,77852,
Speaking.mkf,191,WAV,39958,
Speaking.mkf,192,WAV,35526,
Speaking.mkf,193,WAV,63052,
Speaking.mkf,194,WAV,48912,
Speaking.mkf,195,WAV,38900,
Speaking.mkf,196,WAV,51780,
Speaking.mkf,197,WAV,47430,
Speaking.mkf,198,WAV,61272,
Speaking.mkf,199,WAV,65346,
Speaking.mkf,200,WAV,72834,
Speaking.mkf,201,WAV,54904,
Speaking.mkf,202,WAV,41564,
Speaking.mkf,203,WAV,48856,
Speaking.mkf,204,WAV,67986,
Speaking.mkf,205,WAV,38772,
Speaking.mkf,206,WAV,38772,
Speaking.mkf,207,WAV,38772,
Speaking.mkf,208,WAV,28474,
Speaking.mkf,209,WAV,28474,
Speaking.mkf,210,WAV,33992,
Speaking.mkf,211,WAV,37462,
Speaking.mkf,212,WAV,32378,
Speaking.mkf,213,WAV,32378,
Speaking.mkf,214,WAV,32378,
Speaking.mkf,215,WAV,31712,
Speaking.mkf,216,WAV,55104,
Speaking.mkf,217,WAV,45448,
Speaking.mkf,218,WAV,63414,
Speaking.mkf,219,WAV,48870,
Speaking.mkf,220,WAV,50034,
Speaking.mkf,221,WAV,53368,
Speaking.mkf,222,WAV,63414,
Speaking.mkf,223,WAV,61778,
Speaking.mkf,224,WAV,55206,
Speaking.mkf,225,WAV,47316,
Speaking.mkf,226,WAV,62390,
Speaking.mkf,227,WAV,41756,
Speaking.mkf,228,WAV,50034,
Speaking.mkf,229,WAV,47038,
Speaking.mkf,230,WAV,60550,
Speaking.mkf,231,WAV,49252,
Speaking.mkf,232,WAV,55206,
Speaking.mkf,233,WAV,56804,
Speaking.mkf,234,WAV,35302,
Speaking.mkf,235,WAV,51330,
Speaking.mkf,236,WAV,26838,
Speaking.mkf,237,WAV,63730,
Speaking.mkf,238,WAV,37888,
Speaking.mkf,239,WAV,47520,
Speaking.mkf,240,WAV,37784,
Speaking.mkf,241,WAV,58922,
Speaking.mkf,242,WAV,48488,
Speaking.mkf,243,WAV,21430,
Speaking.mkf,244,WAV,34370,
Speaking.mkf,245,WAV,56102,
Speaking.mkf,246,WAV,40836,
Speaking.mkf,247,WAV,27374,
Speaking.mkf,248,WAV,25902,
Speaking.mkf,249,WAV,23644,
Speaking.mkf,250,WAV,45968,
Speaking.mkf,251,WAV,36998,
Speaking.mkf,252,WAV,44052,
Speaking.mkf,253,WAV,24484,
Speaking.mkf,254,WAV,18898,
Speaking.mkf,255,WAV,50754,
Speaking.mkf,256,WAV,39232,
Speaking.mkf,257,WAV,39012,
Speaking.mkf,258,WAV,36234,
Speaking.mkf,259,WAV,43768,
Speaking.mkf,260,WAV,55642,
Speaking.mkf,261,WAV,48458,
Speaking.mkf,262,WAV,31752,
Speaking.mkf,263,WAV,27282,
Speaking.mkf,264,WAV,27880,
Speaking.mkf,265,WAV,43050,
Speaking.mkf,266,WAV,103004,
Speaking.mkf,267,WAV,51956,
Speaking.mkf,268,WAV,74712,
Speaking.mkf,269,WAV,72558,
Speaking.mkf,270,WAV,73738,
Speaking.mkf,271,WAV,76042,
Speaking.mkf,272,WAV,67354,
Speaking.mkf,273,WAV,66164,
Speaking.mkf,274,WAV,75234,
Speaking.mkf,275,WAV,55470,
Speaking.mkf,276,WAV,77058,
Speaking.mkf,277,WAV,66364,
Speaking.mkf,278,WAV,53468,
Speaking.mkf,279,WAV,39972,
Speaking.mkf,280,WAV,33578,
Speaking.mkf,281,WAV,68278,
Speaking.mkf,282,WAV,30014,
Speaking.mkf,283,WAV,43516,
Speaking.mkf,284,WAV,40242,
Speaking.mkf,285,WAV,19688,
Speaking.mkf,286,WAV,34756,
Speaking.mkf,287,WAV,70086,
Speaking.mkf,288,WAV,43364,
Speaking.mkf,289,WAV,40308,
Speaking.mkf,290,WAV,66818,
Speaking.mkf,291,WAV,42528,
Speaking.mkf,292,WAV,49834,
Speaking.mkf,293,WAV,49736,
Speaking.mkf,294,WAV,50914,
Speaking.mkf,295,WAV,31560,
Speaking.mkf,296,WAV,40274,
Speaking.mkf,297,WAV,37554,
Speaking.mkf,298,WAV,47750,
Speaking.mkf,299,WAV,52882,
Speaking.mkf,300,WAV,24748,
Speaking.mkf,301,WAV,17304,
Speaking.mkf,302,WAV,31678,
Speaking.mkf,303,WAV,48888,
Speaking.mkf,304,WAV,23106,
Speaking.mkf,305,WAV,38068,
Speaking.mkf,306,WAV,38760,
Speaking.mkf,307,WAV,23104,
Speaking.mkf,308,WAV,29496,
Speaking.mkf,309,WAV,43364,
Speaking.mkf,310,WAV,44284,
Speaking.mkf,311,WAV,30014,
Speaking.mkf,312,WAV,22782,
Speaking.mkf,313,WAV,33760,
Speaking.mkf,314,WAV,24988,
Speaking.mkf,315,WAV,40922,
Speaking.mkf,316,WAV,32610,
Speaking.mkf,317,WAV,34672,
Speaking.mkf,318,WAV,11886,
Speaking.mkf,319,WAV,25530,
Speaking.mkf,320,WAV,32530,
Speaking.mkf,321,WAV,49998,
Speaking.mkf,322,WAV,47278,
Speaking.mkf,323,WAV,31796,
Speaking.mkf,324,WAV,37742,
Speaking.mkf,325,WAV,71790,
Speaking.mkf,326,WAV,44988,
Speaking.mkf,327,WAV,28762,
Speaking.mkf,328,WAV,46706,
Speaking.mkf,329,WAV,34320,
Speaking.mkf,330,WAV,66198,
Speaking.mkf,331,WAV,81088,
Speaking.mkf,332,WAV,68858,
Speaking.mkf,333,WAV,63872,
Speaking.mkf,334,WAV,53512,
Speaking.mkf,335,WAV,117374,
Speaking.mkf,336,WAV,78598,
Speaking.mkf,337,WAV,56526,
Speaking.mkf,338,WAV,81890,
Speaking.mkf,339,WAV,47150,
Speaking.mkf,340,WAV,65650,
Speaking.mkf,341,WAV,64158,
Speaking.mkf,342,WAV,43606,
Speaking.mkf,343,WAV,28634,
Speaking.mkf,344,WAV,49504,
Speaking.mkf,345,WAV,48522,
Speaking.mkf,346,WAV,43938,
Speaking.mkf,347,WAV,40558,
Speaking.mkf,348,WAV,40078,
Speaking.mkf,349,WAV,30564,
Speaking.mkf,350,WAV,45968,
Speaking.mkf,351,WAV,35900,
Speaking.mkf,352,WAV,39526,
Speaking.mkf,353,WAV,53464,
Speaking.mkf,354,WAV,43666,
Speaking.mkf,355,WAV,35430,
Speaking.mkf,356,WAV,45522,
Speaking.mkf,357,WAV,38068,
Speaking.mkf,358,WAV,38902,
Speaking.mkf,359,WAV,29490,
Speaking.mkf,360,WAV,43096,
Speaking.mkf,361,WAV,16254,
Speaking.mkf,362,WAV,34940,
Speaking.mkf,363,WAV,33522,
Speaking.mkf,364,WAV,17628,
Speaking.mkf,365,WAV,22338,
Speaking.mkf,366,WAV,32006,
Speaking.mkf,367,WAV,18918,
Speaking.mkf,368,WAV,21830,
Speaking.mkf,369,WAV,42400,
Speaking.mkf,370,WAV,29308,
Speaking.mkf,371,WAV,29046,
Speaking.mkf,372,WAV,24944,
Speaking.mkf,373,WAV,45494,
Speaking.mkf,374,WAV,25708,
Speaking.mkf,375,WAV,22832,
Speaking.mkf,376,WAV,38404,
Speaking.mkf,377,WAV,35988,
Speaking.mkf,378,WAV,37246,
Speaking.mkf,379,WAV,34738,
Speaking.mkf,380,WAV,29026,
Speaking.mkf,381,WAV,24570,
Speaking.mkf,382,WAV,21040,
Speaking.mkf,383,WAV,21568,
Speaking.mkf,384,WAV,30590,
Speaking.mkf,385,WAV,39422,
Speaking.mkf,386,WAV,28590,
Speaking.mkf,387,WAV,51384,
Speaking.mkf,388,WAV,59488,
Speaking.mkf,389,WAV,57782,
Speaking.mkf,390,WAV,39374,
Speaking.mkf,391,WAV,24162,
Speaking.mkf,392,WAV,23234,
Speaking.mkf,393,WAV,34612,
Speaking.mkf,394,WAV,15546,
Speaking.mkf,395,WAV,39498,
Speaking.mkf,396,WAV,15772,
Speaking.mkf,397,WAV,22086,
Speaking.mkf,398,WAV,20266,
Speaking.mkf,399,WAV,22766,
Speaking.mkf,400,WAV,32010,
Speaking.mkf,401,WAV,34358,
Speaking.mkf,402,WAV,27480,
Speaking.mkf,403,WAV,34262,
Speaking.mkf,404,WAV,36838,
Speaking.mkf,405,WAV,36688,
Speaking.mkf,406,WAV,26546,
Speaking.mkf,407,WAV,9010,
Speaking.mkf,408,WAV,11244,
Speaking.mkf,409,WAV,28712,
Speaking.mkf,410,WAV,8562,
Speaking.mkf,411,WAV,8562,
Speaking.mkf,412,WAV,7642,
Speaking.mkf,413,WAV,6724,
Speaking.mkf,414,WAV,6724,
Speaking.mkf,415,WAV,6724,
Speaking.mkf,416,WAV,6724,
Speaking.mkf,417,WAV,8562,
Speaking.mkf,418,WAV,7642,
Speaking.mkf,419,WAV,8562,
Speaking.mkf,420,WAV,8562,
Speaking.mkf,421,WAV,6724,
Speaking.mkf,422,WAV,7642,
Speaking.mkf,423,WAV,3228,
Speaking.mkf,424,WAV,6002,
Speaking.mkf,425,WAV,10308,
Speaking.mkf,426,WAV,20320,
Speaking.mkf,427,WAV,29510,
Speaking.mkf,428,WAV,36278,
Speaking.mkf,429,WAV,29858,
Speaking.mkf,430,WAV,40106,
Speaking.mkf,431,WAV,44404,
Speaking.mkf,432,WAV,15076,
Speaking.mkf,433,WAV,47088,
Speaking.mkf,434,WAV,31898,
Speaking.mkf,435,WAV,70466,
Speaking.mkf,436,WAV,33354,
Speaking.mkf,437,WAV,17304,
Speaking.mkf,438,WAV,42396,
Speaking.mkf,439,WAV,9892,
Speaking.mkf,440,WAV,50692,
Speaking.mkf,441,WAV,41048,
Speaking.mkf,442,WAV,23118,
Speaking.mkf,443,WAV,28758,
Speaking.mkf,444,WAV,18040,
Speaking.mkf,445,WAV,39492,
Speaking.mkf,446,WAV,50684,
Speaking.mkf,447,WAV,35626,
Speaking.mkf,448,WAV,27160,
Speaking.mkf,449,WAV,46152,
Speaking.mkf,450,WAV,47086,
Speaking.mkf,451,WAV,23574,
Speaking.mkf,452,WAV,47834,
Speaking.mkf,453,WAV,50184,
Speaking.mkf,454,WAV,17602,
Speaking.mkf,455,WAV,39814,
Speaking.mkf,456,WAV,25844,
Speaking.mkf,457,WAV,30904,
Speaking.mkf,458,WAV,26928,
Speaking.mkf,459,WAV,39068,
Speaking.mkf,460,WAV,45536,
Speaking.mkf,461,WAV,20818,
Speaking.mkf,462,WAV,25780,
Speaking.mkf,463,WAV,24092,
Speaking.mkf,464,WAV,38194,
Speaking.mkf,465,WAV,46556,
Speaking.mkf,466,WAV,29702,
Speaking.mkf,467,WAV,32722,
Speaking.mkf,468,WAV,30472,
Speaking.mkf,469,WAV,45020,
Speaking.mkf,470,WAV,45520,
Speaking.mkf,471,WAV,52164,
Speaking.mkf,472,WAV,55660,
Speaking.mkf,473,WAV,38370,
Speaking.mkf,474,WAV,49076,
Speaking.mkf,475,WAV,21312,
Speaking.mkf,476,WAV,36962,
Speaking.mkf,477,WAV,65172,
Speaking.mkf,478,WAV,45012,
Speaking.mkf,479,WAV,67504,
Speaking.mkf,480,WAV,40368,
Speaking.mkf,481,WAV,49630,
Speaking.mkf,482,WAV,48996,
Speaking.mkf,483,WAV,29044,
Speaking.mkf,484,WAV,27270,
Speaking.mkf,485,WAV,64926,
Speaking.mkf,486,WAV,83154,
Speaking.mkf,487,WAV,61612,
Speaking.mkf,488,WAV,40362,
Speaking.mkf,489,WAV,58100,
Speaking.mkf,490,WAV,60846,
Speaking.mkf,491,WAV,45096,
Speaking.mkf,492,WAV,50086,
Speaking.mkf,493,WAV,79362,
Speaking.mkf,494,WAV,52066,
Speaking.mkf,495,WAV,37026,
Speaking.mkf,496,WAV,45432,
Speaking.mkf,497,WAV,29974,
Speaking.mkf,498,WAV,45298,
Speaking.mkf,499,WAV,30262,
Speaking.mkf,500,WAV,56020,
Speaking.mkf,501,WAV,40108,
Speaking.mkf,502,WAV,40996,
Speaking.mkf,503,WAV,55394,
Speaking.mkf,504,WAV,52920,
Speaking.mkf,505,WAV,35634,
Speaking.mkf,506,WAV,32122,
Speaking.mkf,507,WAV,31938,
Speaking.mkf,508,WAV,26546,
Speaking.mkf,509,WAV,31594,
Speaking.mkf,510,WAV,65986,
Speaking.mkf,511,WAV,41136,
Speaking.mkf,512,WAV,29462,
Speaking.mkf,513,WAV,37522,
Speaking.mkf,514,WAV,15988,
Speaking.mkf,515,WAV,55108,
Speaking.mkf,516,WAV,39394,
Speaking.mkf,517,WAV,20930,
Speaking.mkf,518,WAV,47862,
Speaking.mkf,519,WAV,20558,
Speaking.mkf,520,WAV,48744,
Speaking.mkf,521,WAV,33574,
Speaking.mkf,522,WAV,55912,
Speaking.mkf,523,WAV,24446,
Speaking.mkf,524,WAV,69708,
Speaking.mkf,525,WAV,53612,
Speaking.mkf,526,WAV,16906,
Speaking.mkf,527,WAV,35002,
Speaking.mkf,528,WAV,44722,
Speaking.mkf,529,WAV,26666,
Speaking.mkf,530,WAV,59816,
Speaking.mkf,531,WAV,62422,
Speaking.mkf,532,WAV,63484,
Speaking.mkf,533,WAV,57280,
Speaking.mkf,534,WAV,57244,
Speaking.mkf,535,WAV,110560,
Speaking.mkf,536,WAV,92400,
Speaking.mkf,537,WAV,61594,
Speaking.mkf,538,WAV,38126,
Speaking.mkf,539,WAV,65982,
Speaking.mkf,540,WAV,35424,
Speaking.mkf,541,WAV,83706,
Speaking.mkf,542,WAV,117172,
Speaking.mkf,543,WAV,55654,
Speaking.mkf,544,WAV,47334,
Speaking.mkf,545,WAV,61366,
Speaking.mkf,546,WAV,81614,
Speaking.mkf,547,WAV,44056,
Speaking.mkf,548,WAV,51078,
Speaking.mkf,549,WAV,35908,
Speaking.mkf,550,WAV,52650,
Speaking.mkf,551,WAV,71120,
Speaking.mkf,552,WAV,83054,
Speaking.mkf,553,WAV,79918,
Speaking.mkf,554,WAV,73568,
Speaking.mkf,555,WAV,137902,
Speaking.mkf,556,WAV,67956,
Speaking.mkf,557,WAV,82178,
Speaking.mkf,558,WAV,81386,
Speaking.mkf,559,WAV,45962,
Speaking.mkf,560,WAV,71706,
Speaking.mkf,561,WAV,62234,
Speaking.mkf,562,WAV,31838,
Speaking.mkf,563,WAV,59172,
Speaking.mkf,564,WAV,78048,
Speaking.mkf,565,WAV,36456,
Speaking.mkf,566,WAV,23108,
Speaking.mkf,567,WAV,72244,
Speaking.mkf,568,WAV,103456,
Speaking.mkf,569,WAV,64108,
Speaking.mkf,570,WAV,40872,
Speaking.mkf,571,WAV,38644,
Speaking.mkf,572,WAV,71828,
Speaking.mkf,573,WAV,60712,
Speaking.mkf,574,WAV,38512,
Speaking.mkf,575,WAV,60808,
Speaking.mkf,576,WAV,80044,
Speaking.mkf,577,WAV,37086,
Speaking.mkf,578,WAV,56704,
Speaking.mkf,579,WAV,67200,
Speaking.mkf,580,WAV,84700,
Speaking.mkf,581,WAV,79648,
Speaking.mkf,582,WAV,53530,
Speaking.mkf,583,WAV,34986,
Speaking.mkf,584,WAV,16722,
Speaking.mkf,585,WAV,71394,
Speaking.mkf,586,WAV,47496,
Speaking.mkf,587,WAV,56612,
Speaking.mkf,588,WAV,24124,
Speaking.mkf,589,WAV,66576,
Speaking.mkf,590,WAV,33136,
Speaking.mkf,591,WAV,33148,
Speaking.mkf,592,WAV,43878,
Speaking.mkf,593,WAV,35756,
Speaking.mkf,594,WAV,47254,
Speaking.mkf,595,WAV,23412,
Speaking.mkf,596,WAV,49628,
Speaking.mkf,597,WAV,87348,
Speaking.mkf,598,WAV,36832,
Speaking.mkf,599,WAV,36328,
Speaking.mkf,600,WAV,39532,
Speaking.mkf,601,WAV,63414,
Speaking.mkf,602,WAV,41198,
Speaking.mkf,603,WAV,31334,
Speaking.mkf,604,WAV,42814,
Speaking.mkf,605,WAV,61112,
Speaking.mkf,606,WAV,52730,
Speaking.mkf,607,WAV,42064,
Speaking.mkf,608,WAV,69606,
Speaking.mkf,609,WAV,54168,
Speaking.mkf,610,WAV,46228,
Speaking.mkf,611,WAV,67512,
Speaking.mkf,612,WAV,28798,
Speaking.mkf,613,WAV,32444,
Speaking.mkf,614,WAV,37958,
Speaking.mkf,615,WAV,25352,
Speaking.mkf,616,WAV,36834,
Speaking.mkf,617,WAV,26464,
Speaking.mkf,618,WAV,23684,
Speaking.mkf,619,WAV,54234,
Speaking.mkf,620,WAV,37246,
Speaking.mkf,621,WAV,21972,
Speaking.mkf,622,WAV,32600,
Speaking.mkf,623,WAV,27432,
Speaking.mkf,624,WAV,55488,
Speaking.mkf,625,WAV,36622,
Speaking.mkf,626,WAV,38358,
Speaking.mkf,627,WAV,51036,
Speaking.mkf,628,WAV,19910,
Speaking.mkf,629,WAV,43234,
Speaking.mkf,630,WAV,21718,
Speaking.mkf,631,WAV,63148,
Speaking.mkf,632,WAV,33992,
Speaking.mkf,633,WAV,34620,
Speaking.mkf,634,WAV,29558,
Speaking.mkf,635,WAV,26668,
Speaking.mkf,636,WAV,38038,
Speaking.mkf,637,WAV,37940,
Speaking.mkf,638,WAV,38028,
Speaking.mkf,639,WAV,52864,
Speaking.mkf,640,WAV,37930,
Speaking.mkf,641,WAV,32530,
Speaking.mkf,642,WAV,43560,
Speaking.mkf,643,WAV,39696,
Speaking.mkf,644,WAV,51388,
Speaking.mkf,645,WAV,23734,
Speaking.mkf,646,WAV,41760,
Speaking.mkf,647,WAV,26008,
Speaking.mkf,648,WAV,47664,
Speaking.mkf,649,WAV,76500,
Speaking.mkf,650,WAV,49770,
Speaking.mkf,651,WAV,37594,
Speaking.mkf,652,WAV,34650,
Speaking.mkf,653,WAV,20252,
Speaking.mkf,654,WAV,28814,
Speaking.mkf,655,WAV,31764,
Speaking.mkf,656,WAV,69804,
Speaking.mkf,657,WAV,55476,
Speaking.mkf,658,WAV,49242,
Speaking.mkf,659,WAV,30252,
Speaking.mkf,660,WAV,46266,
Speaking.mkf,661,WAV,30824,
Speaking.mkf,662,WAV,46514,
Speaking.mkf,663,WAV,54588,
Speaking.mkf,664,WAV,38950,
Speaking.mkf,665,WAV,44336,
Speaking.mkf,666,WAV,39274,
Speaking.mkf,667,WAV,33664,
Speaking.mkf,668,WAV,28270,
Speaking.mkf,669,WAV,33846,
Speaking.mkf,670,WAV,20332,
Speaking.mkf,671,WAV,61056,
Speaking.mkf,672,WAV,38322,
Speaking.mkf,673,WAV,31732,
Speaking.mkf,674,WAV,24552,
Speaking.mkf,675,WAV,34308,
Speaking.mkf,676,WAV,38628,
Speaking.mkf,677,WAV,81468,
Speaking.mkf,678,WAV,61058,
Speaking.mkf,679,WAV,48490,
Speaking.mkf,680,WAV,43318,
Speaking.mkf,681,WAV,29058,
Speaking.mkf,682,WAV,29294,
Speaking.mkf,683,WAV,20734,
Speaking.mkf,684,WAV,34896,
Speaking.mkf,685,WAV,34284,
Speaking.mkf,686,WAV,33266,
Speaking.mkf,687,WAV,30988,
Speaking.mkf,688,WAV,31068,
Speaking.mkf,689,WAV,31470,
Speaking.mkf,690,WAV,19452,
Speaking.mkf,691,WAV,35086,
Speaking.mkf,692,WAV,28064,
Speaking.mkf,693,WAV,18718,
Speaking.mkf,694,WAV,78798,
Speaking.mkf,695,WAV,19774,
Speaking.mkf,696,WAV,23982,
Speaking.mkf,697,WAV,37556,
Speaking.mkf,698,WAV,41518,
Speaking.mkf,699,WAV,48226,
Speaking.mkf,700,WAV,34056,
Speaking.mkf,701,WAV,43132,
Speaking.mkf,702,WAV,33766,
Speaking.mkf,703,WAV,27520,
Speaking.mkf,704,WAV,22746,
Speaking.mkf,705,WAV,23708,
Speaking.mkf,706,WAV,47760,
Speaking.mkf,707,WAV,24776,
Speaking.mkf,708,WAV,23582,
Speaking.mkf,709,WAV,23720,
Speaking.mkf,710,WAV,22664,
Speaking.mkf,711,WAV,31988,
Speaking.mkf,712,WAV,43452,
Speaking.mkf,713,WAV,17436,
Speaking.mkf,714,WAV,40738,
Speaking.mkf,715,WAV,48124,
Speaking.mkf,716,WAV,31464,
Speaking.mkf,717,WAV,42656,
Speaking.mkf,718,WAV,43080,
Speaking.mkf,719,WAV,41320,
Speaking.mkf,720,WAV,38504,
Speaking.mkf,721,WAV,17740,
Speaking.mkf,722,WAV,48950,
Speaking.mkf,723,WAV,65400,
Speaking.mkf,724,WAV,43968,
Speaking.mkf,725,WAV,22540,
Speaking.mkf,726,WAV,63566,
Speaking.mkf,727,WAV,26656,
Speaking.mkf,728,WAV,22236,
Speaking.mkf,729,WAV,18934,
Speaking.mkf,730,WAV,76362,
Speaking.mkf,731,WAV,23208,
Speaking.mkf,732,WAV,70252,
Speaking.mkf,733,WAV,50910,
Speaking.mkf,734,WAV,32650,
Speaking.mkf,735,WAV,33338,
Speaking.mkf,736,WAV,42608,
Speaking.mkf,737,WAV,51894,
Speaking.mkf,738,WAV,67190,
Speaking.mkf,739,WAV,85218,
Speaking.mkf,740,WAV,43498,
Speaking.mkf,741,WAV,48406,
Speaking.mkf,742,WAV,55072,
Speaking.mkf,743,WAV,52262,
Speaking.mkf,744,WAV,56096,
Speaking.mkf,745,WAV,59136,
Speaking.mkf,746,WAV,37348,
Speaking.mkf,747,WAV,80688,
Speaking.mkf,748,WAV,75854,
Speaking.mkf,749,WAV,78394,
Speaking.mkf,750,WAV,61996,
Speaking.mkf,751,WAV,29552,
Speaking.mkf,752,WAV,39334,
Speaking.mkf,753,WAV,55118,
Speaking.mkf,754,WAV,37984,
Speaking.mkf,755,WAV,71502,
Speaking.mkf,756,WAV,60980,
Speaking.mkf,757,WAV,76304,
Speaking.mkf,758,WAV,109994,
Speaking.mkf,759,WAV,92546,
Speaking.mkf,760,WAV,76618,
Speaking.mkf,761,WAV,34396,
Speaking.mkf,762,WAV,39516,
Speaking.mkf,763,WAV,66196,
Speaking.mkf,764,WAV,58296,
Speaking.mkf,765,WAV,58092,
Speaking.mkf,766,WAV,99390,
Speaking.mkf,767,WAV,81802,
Speaking.mkf,768,WAV,30134,
Speaking.mkf,769,WAV,76762,
Speaking.mkf,770,WAV,34440,
Speaking.mkf,771,WAV,46240,
Speaking.mkf,772,WAV,73276,
Speaking.mkf,773,WAV,97804,
Speaking.mkf,774,WAV,44890,
Speaking.mkf,775,WAV,36594,
Speaking.mkf,776,WAV,9166,
Speaking.mkf,777,WAV,76784,
Speaking.mkf,778,WAV,24566,
Speaking.mkf,779,WAV,56088,
Speaking.mkf,780,WAV,60738,
Speaking.mkf,781,WAV,78754,
Speaking.mkf,782,WAV,43950,
Speaking.mkf,783,WAV,79276,
Speaking.mkf,784,WAV,40138,
Speaking.mkf,785,WAV,52064,
Speaking.mkf,786,WAV,8438,
Speaking.mkf,787,WAV,40788,
Speaking.mkf,788,WAV,69050,
Speaking.mkf,789,WAV,61200,
Speaking.mkf,790,WAV,31338,
Speaking.mkf,791,WAV,39968,
Speaking.mkf,792,WAV,30334,
Speaking.mkf,793,WAV,41578,
Speaking.mkf,794,WAV,50234,
Speaking.mkf,795,WAV,32580,
Speaking.mkf,796,WAV,35312,
Speaking.mkf,797,WAV,52598,
Speaking.mkf,798,WAV,35034,
Speaking.mkf,799,WAV,39462,
Speaking.mkf,800,WAV,31596,
Speaking.mkf,801,WAV,49078,
Speaking.mkf,802,WAV,17334,
Speaking.mkf,803,WAV,38168,
Speaking.mkf,804,WAV,60386,
Speaking.mkf,805,WAV,47266,
Speaking.mkf,806,WAV,50206,
Speaking.mkf,807,WAV,33126,
Speaking.mkf,808,WAV,54588,
Speaking.mkf,809,WAV,45186,
Speaking.mkf,810,WAV,49058,
Speaking.mkf,811,WAV,80408,
Speaking.mkf,812,WAV,40010,
Speaking.mkf,813,WAV,39474,
Speaking.mkf,814,WAV,45334,
Speaking.mkf,815,WAV,59336,
Speaking.mkf,816,WAV,37552,
Speaking.mkf,817,WAV,32962,
Speaking.mkf,818,WAV,31594,
Speaking.mkf,819,WAV,49388,
Speaking.mkf,820,WAV,35496,
Speaking.mkf,821,WAV,39042,
Speaking.mkf,822,WAV,40422,
Speaking.mkf,823,WAV,58500,
Speaking.mkf,824,WAV,27910,
Speaking.mkf,825,WAV,31538,
Speaking.mkf,826,WAV,61146,
Speaking.mkf,827,WAV,21262,
Speaking.mkf,828,WAV,42058,
Speaking.mkf,829,WAV,30440,
Speaking.mkf,830,WAV,41346,
Speaking.mkf,831,WAV,88388,
Speaking.mkf,832,WAV,36640,
Speaking.mkf,833,WAV,80502,
Speaking.mkf,834,WAV,53292,
Speaking.mkf,835,WAV,26632,
Speaking.mkf,836,WAV,75914,
Speaking.mkf,837,WAV,28100,
Speaking.mkf,838,WAV,42078,
Speaking.mkf,839,WAV,32690,
Speaking.mkf,840,WAV,56248,
Speaking.mkf,841,WAV,38020,
Speaking.mkf,842,WAV,37582,
Speaking.mkf,843,WAV,42074,
Speaking.mkf,844,WAV,23456,
Speaking.mkf,845,WAV,27404,
Speaking.mkf,846,WAV,34170,
Speaking.mkf,847,WAV,26968,
Speaking.mkf,848,WAV,44440,
Speaking.mkf,849,WAV,44168,
Speaking.mkf,850,WAV,37766,
Speaking.mkf,851,WAV,40712,
Speaking.mkf,852,WAV,53016,
Speaking.mkf,853,WAV,37168,
Speaking.mkf,854,WAV,16276,
Speaking.mkf,855,WAV,24000,
Speaking.mkf,856,WAV,29386,
Speaking.mkf,857,WAV,38322,
Speaking.mkf,858,WAV,30028,
Speaking.mkf,859,WAV,45956,
Speaking.mkf,860,WAV,28938,
Speaking.mkf,861,WAV,47782,
Speaking.mkf,862,WAV,55638,
Speaking.mkf,863,WAV,20242,
Speaking.mkf,864,WAV,23856,
Speaking.mkf,865,WAV,58766,
Speaking.mkf,866,WAV,50804,
Speaking.mkf,867,WAV,38678,
Speaking.mkf,868,WAV,45996,
Speaking.mkf,869,WAV,45658,
Speaking.mkf,870,WAV,37356,
Speaking.mkf,871,WAV,34312,
Speaking.mkf,872,WAV,17926,
Speaking.mkf,873,WAV,31810,
Speaking.mkf,874,WAV,21004,
Speaking.mkf,875,WAV,27550,
Speaking.mkf,876,WAV,34826,
Speaking.mkf,877,WAV,29606,
Speaking.mkf,878,WAV,34126,
Speaking.mkf,879,WAV,21416,
Speaking.mkf,880,WAV,36336,
Speaking.mkf,881,WAV,37470,
Speaking.mkf,882,WAV,42838,
Speaking.mkf,883,WAV,22988,
Speaking.mkf,884,WAV,40144,
Speaking.mkf,885,WAV,16046,
Speaking.mkf,886,WAV,37112,
Speaking.mkf,887,WAV,30350,
Speaking.mkf,888,WAV,29176,
Speaking.mkf,889,WAV,21810,
Speaking.mkf,890,WAV,32316,
Speaking.mkf,891,WAV,34672,
Speaking.mkf,892,WAV,26700,
Speaking.mkf,893,WAV,37676,
Speaking.mkf,894,WAV,66712,
Speaking.mkf,895,WAV,30666,
Speaking.mkf,896,WAV,30392,
Speaking.mkf,897,WAV,24678,
Speaking.mkf,898,WAV,27460,
Speaking.mkf,899,WAV,52198,
Speaking.mkf,900,WAV,29530,
Speaking.mkf,901,WAV,36396,
Speaking.mkf,902,WAV,30160,
Speaking.mkf,903,WAV,30096,
Speaking.mkf,904,WAV,41082,
Speaking.mkf,905,WAV,68386,
Speaking.mkf,906,WAV,59628,
Speaking.mkf,907,WAV,29822,
Speaking.mkf,908,WAV,49206,
Speaking.mkf,909,WAV,27162,
Speaking.mkf,910,WAV,48208,
Speaking.mkf,911,WAV,28202,
Speaking.mkf,912,WAV,29004,
Speaking.mkf,913,WAV,32566,
Speaking.mkf,914,WAV,37822,
Speaking.mkf,915,WAV,34442,
Speaking.mkf,916,WAV,41118,
Speaking.mkf,917,WAV,47828,
Speaking.mkf,918,WAV,30080,
Speaking.mkf,919,WAV,39434,
Speaking.mkf,920,WAV,32720,
Speaking.mkf,921,WAV,37876,
Speaking.mkf,922,WAV,68190,
Speaking.mkf,923,WAV,42454,
Speaking.mkf,924,WAV,14516,
Speaking.mkf,925,WAV,28238,
Speaking.mkf,926,WAV,34482,
Speaking.mkf,927,WAV,27954,
Speaking.mkf,928,WAV,34730,
Speaking.mkf,929,WAV,36422,
Speaking.mkf,930,WAV,29550,
Speaking.mkf,931,WAV,31502,
Speaking.mkf,932,WAV,38722,
Speaking.mkf,933,WAV,16272,
Speaking.mkf,934,WAV,26630,
Speaking.mkf,935,WAV,58002,
Speaking.mkf,936,WAV,47436,
Speaking.mkf,937,WAV,33560,
Speaking.mkf,938,WAV,30650,
Speaking.mkf,939,WAV,34860,
Speaking.mkf,940,WAV,40112,
Speaking.mkf,941,WAV,28120,
Speaking.mkf,942,WAV,34672,
Speaking.mkf,943,WAV,35884,
Speaking.mkf,944,WAV,27814,
Speaking.mkf,945,WAV,40478,
Speaking.mkf,946,WAV,23984,
Speaking.mkf,947,WAV,31220,
Speaking.mkf,948,WAV,27462,
Speaking.mkf,949,WAV,29770,
Speaking.mkf,950,WAV,32802,
Speaking.mkf,951,WAV,30796,
Speaking.mkf,952,WAV,24076,
Speaking.mkf,953,WAV,22196,
Speaking.mkf,954,WAV,19692,
Speaking.mkf,955,WAV,50922,
Speaking.mkf,956,WAV,30420,
Speaking.mkf,957,WAV,27266,
Speaking.mkf,958,WAV,21390,
Speaking.mkf,959,WAV,17442,
Speaking.mkf,960,WAV,38622,
Speaking.mkf,961,WAV,34416,
Speaking.mkf,962,WAV,22256,
Speaking.mkf,963,WAV,21378,
Speaking.mkf,964,WAV,18248,
Speaking.mkf,965,WAV,26010,
Speaking.mkf,966,WAV,38742,
Speaking.mkf,967,WAV,16898,
Speaking.mkf,968,WAV,24450,
Speaking.mkf,969,WAV,35590,
Speaking.mkf,970,WAV,17230,
Speaking.mkf,971,WAV,39410,
Speaking.mkf,972,WAV,23480,
Speaking.mkf,973,WAV,23406,
Speaking.mkf,974,WAV,34810,
Speaking.mkf,975,WAV,23026,
Speaking.mkf,976,WAV,15492,
Speaking.mkf,977,WAV,27284,
Speaking.mkf,978,WAV,20722,
Speaking.mkf,979,WAV,35016,
Speaking.mkf,980,WAV,25346,
Speaking.mkf,981,WAV,46546,
Speaking.mkf,982,WAV,32064,
Speaking.mkf,983,WAV,25748,
Speaking.mkf,984,WAV,39408,
Speaking.mkf,985,WAV,19052,
Speaking.mkf,986,WAV,25428,
Speaking.mkf,987,WAV,23026,
Speaking.mkf,988,WAV,21706,
Speaking.mkf,989,WAV,36042,
Speaking.mkf,990,WAV,24724,
Speaking.mkf,991,WAV,16612,
Speaking.mkf,992,WAV,22036,
Speaking.mkf,993,WAV,30994,
Speaking.mkf,994,WAV,23990,
Speaking.mkf,995,WAV,24048,
Speaking.mkf,996,WAV,36726,
Speaking.mkf,997,WAV,26800,
Speaking.mkf,998,WAV,6004,
Speaking.mkf,999,WAV,6724,
Speaking.mkf,1000,WAV,4608,
Speaking.mkf,1001,WAV,15740,
Speaking.mkf,1002,WAV,4608,
Speaking.mkf,1003,WAV,15740,
Speaking.mkf,1004,WAV,4608,
Speaking.mkf,1005,WAV,14036,
Speaking.mkf,1006,WAV,3682,
Speaking.mkf,1007,WAV,6724,
Speaking.mkf,1008,WAV,44894,
Speaking.mkf,1009,WAV,46628,
Speaking.mkf,1010,WAV,49728,
Speaking.mkf,1011,WAV,15740,
Speaking.mkf,1012,WAV,46260,
Speaking.mkf,1013,WAV,46260,
Speaking.mkf,1014,WAV,6724,
Speaking.mkf,1015,WAV,44150,
Speaking.mkf,1016,WAV,6724,
Speaking.mkf,1017,WAV,4608,
Speaking.mkf,1018,WAV,14036,
Speaking.mkf,1019,WAV,4608,
Speaking.mkf,1020,WAV,14036,
Speaking.mkf,1021,WAV,7642,
Speaking.mkf,1022,WAV,7642,
Speaking.mkf,1023,WAV,4608,
Speaking.mkf,1024,WAV,15740,
Speaking.mkf,1025,WAV,4118,
Speaking.mkf,1026,WAV,6688,
Speaking.mkf,1027,WAV,6724,
Speaking.mkf,1028,WAV,6688,
Speaking.mkf,1029,WAV,6688,
Speaking.mkf,1030,WAV,6688,
Speaking.mkf,1031,WAV,7560,
Speaking.mkf,1032,WAV,42960,
Speaking.mkf,1033,WAV,45514,
Speaking.mkf,1034,WAV,3228,
Speaking.mkf,1035,WAV,6002,
Speaking.mkf,1036,WAV,42960,
Speaking.mkf,1037,WAV,6002,
Speaking.mkf,1038,WAV,42960,
Speaking.mkf,1039,WAV,44894,
Speaking.mkf,1040,WAV,42960,
Speaking.mkf,1041,WAV,3228,
Speaking.mkf,1042,WAV,6002,
Speaking.mkf,1043,WAV,48274,
Speaking.mkf,1044,WAV,11556,
Speaking.mkf,1045,WAV,12956,
Speaking.mkf,1046,WAV,13118,
Speaking.mkf,1047,WAV,49480,
Speaking.mkf,1048,WAV,6688,
Speaking.mkf,1049,WAV,8206,
Speaking.mkf,1050,WAV,31814,
Speaking.mkf,1051,WAV,29186,
Speaking.mkf,1052,WAV,23398,
Speaking.mkf,1053,WAV,42004,
Speaking.mkf,1054,WAV,35088,
Speaking.mkf,1055,WAV,25150,
Speaking.mkf,1056,WAV,57852,
Speaking.mkf,1057,WAV,43050,
Speaking.mkf,1058,WAV,23700,
Speaking.mkf,1059,WAV,38248,
Speaking.mkf,1060,WAV,21040,
Speaking.mkf,1061,WAV,27458,
Speaking.mkf,1062,WAV,27804,
Speaking.mkf,1063,WAV,32512,
Speaking.mkf,1064,WAV,19020,
Speaking.mkf,1065,WAV,36784,
Speaking.mkf,1066,WAV,34638,
Speaking.mkf,1067,WAV,40758,
Speaking.mkf,1068,WAV,35332,
Speaking.mkf,1069,WAV,58344,
Speaking.mkf,1070,WAV,27778,
Speaking.mkf,1071,WAV,46506,
Speaking.mkf,1072,WAV,19640,
Speaking.mkf,1073,WAV,41424,
Speaking.mkf,1074,WAV,67574,
Speaking.mkf,1075,WAV,45328,
Speaking.mkf,1076,WAV,53428,
Speaking.mkf,1077,WAV,71466,
Speaking.mkf,1078,WAV,29194,
Speaking.mkf,1079,WAV,35032,
Speaking.mkf,1080,WAV,46534,
Speaking.mkf,1081,WAV,61216,
Speaking.mkf,1082,WAV,79820,
Speaking.mkf,1083,WAV,42754,
Speaking.mkf,1084,WAV,58702,
Speaking.mkf,1085,WAV,67984,
Speaking.mkf,1086,WAV,71620,
Speaking.mkf,1087,WAV,37322,
Speaking.mkf,1088,WAV,30492,
Speaking.mkf,1089,WAV,53510,
Speaking.mkf,1090,WAV,24138,
Speaking.mkf,1091,WAV,35616,
Speaking.mkf,1092,WAV,54764,
Speaking.mkf,1093,WAV,37110,
Speaking.mkf,1094,WAV,26382,
Speaking.mkf,1095,WAV,51292,
Speaking.mkf,1096,WAV,26804,
Speaking.mkf,1097,WAV,47858,
Speaking.mkf,1098,WAV,66700,
Speaking.mkf,1099,WAV,39252,
Speaking.mkf,1100,WAV,40162,
Speaking.mkf,1101,WAV,75108,
Speaking.mkf,1102,WAV,42178,
Speaking.mkf,1103,WAV,43144,
Speaking.mkf,1104,WAV,46320,
Speaking.mkf,1105,WAV,59354,
Speaking.mkf,1106,WAV,70188,
Speaking.mkf,1107,WAV,86396,
Speaking.mkf,1108,WAV,61640,
Speaking.mkf,1109,WAV,45734,
Speaking.mkf,1110,WAV,81182,
Speaking.mkf,1111,WAV,36958,
Speaking.mkf,1112,WAV,48430,
Speaking.mkf,1113,WAV,52716,
Speaking.mkf,1114,WAV,59172,
Speaking.mkf,1115,WAV,65524,
Speaking.mkf,1116,WAV,56206,
Speaking.mkf,1117,WAV,35764,
Speaking.mkf,1118,WAV,81842,
Speaking.mkf,1119,WAV,37690,
Speaking.mkf,1120,WAV,94454,
Speaking.mkf,1121,WAV,71604,
Speaking.mkf,1122,WAV,62370,
Speaking.mkf,1123,WAV,65374,
Speaking.mkf,1124,WAV,67398,
Speaking.mkf,1125,WAV,163362,
Speaking.mkf,1126,WAV,39244,
Speaking.mkf,1127,WAV,89018,
Speaking.mkf,1128,WAV,64008,
Speaking.mkf,1129,WAV,71810,
Speaking.mkf,1130,WAV,103736,
Speaking.mkf,1131,WAV,64812,
Speaking.mkf,1132,WAV,40954,
Speaking.mkf,1133,WAV,21658,
Speaking.mkf,1134,WAV,19732,
Speaking.mkf,1135,WAV,31086,
Speaking.mkf,1136,WAV,32950,
Speaking.mkf,1137,WAV,28034,
Speaking.mkf,1138,WAV,33954,
Speaking.mkf,1139,WAV,30936,
Speaking.mkf,1140,WAV,30906,
Speaking.mkf,1141,WAV,24428,
Speaking.mkf,1142,WAV,38596,
Speaking.mkf,1143,WAV,31098,
Speaking.mkf,1144,WAV,24166,
Speaking.mkf,1145,WAV,15106,
Speaking.mkf,1146,WAV,44498,
Speaking.mkf,1147,WAV,70312,
Speaking.mkf,1148,WAV,38084,
Speaking.mkf,1149,WAV,31638,
Speaking.mkf,1150,WAV,47966,
Speaking.mkf,1151,WAV,45504,
Speaking.mkf,1152,WAV,64798,
Speaking.mkf,1153,WAV,51960,
Speaking.mkf,1154,WAV,24082,
Speaking.mkf,1155,WAV,46334,
Speaking.mkf,1156,WAV,86482,
Speaking.mkf,1157,WAV,58942,
Speaking.mkf,1158,WAV,35090,
Speaking.mkf,1159,WAV,26100,
Speaking.mkf,1160,WAV,20572,
Speaking.mkf,1161,WAV,30014,
Speaking.mkf,1162,WAV,28830,
Speaking.mkf,1163,WAV,23612,
Speaking.mkf,1164,WAV,21144,
Speaking.mkf,1165,WAV,25862,
Speaking.mkf,1166,WAV,20260,
Speaking.mkf,1167,WAV,28288,
Speaking.mkf,1168,WAV,27056,
Speaking.mkf,1169,WAV,48266,
Speaking.mkf,1170,WAV,34992,
Speaking.mkf,1171,WAV,32072,
Speaking.mkf,1172,WAV,24668,
Speaking.mkf,1173,WAV,29142,
Speaking.mkf,1174,WAV,31668,
Speaking.mkf,1175,WAV,37694,
Speaking.mkf,1176,WAV,46438,
Speaking.mkf,1177,WAV,42304,
Speaking.mkf,1178,WAV,38814,
Speaking.mkf,1179,WAV,141386,
Speaking.mkf,1180,WAV,44444,
Speaking.mkf,1181,WAV,45476,
Speaking.mkf,1182,WAV,53254,
Speaking.mkf,1183,WAV,62558,
Speaking.mkf,1184,WAV,29444,
Speaking.mkf,1185,WAV,13634,
Speaking.mkf,1186,WAV,17666,
Speaking.mkf,1187,WAV,19034,
Speaking.mkf,1188,WAV,39306,
Speaking.mkf,1189,WAV,35082,
Speaking.mkf,1190,WAV,37578,
Speaking.mkf,1191,WAV,27020,
Speaking.mkf,1192,WAV,14502,
Speaking.mkf,1193,WAV,35536,
Speaking.mkf,1194,WAV,26712,
Speaking.mkf,1195,WAV,48018,
Speaking.mkf,1196,WAV,29592,
Speaking.mkf,1197,WAV,62126,
Speaking.mkf,1198,WAV,28986,
Speaking.mkf,1199,WAV,56046,
Speaking.mkf,1200,WAV,44650,
Speaking.mkf,1201,WAV,25594,
Speaking.mkf,1202,WAV,30966,
Speaking.mkf,1203,WAV,49458,
Speaking.mkf,1204,WAV,50832,
Speaking.mkf,1205,WAV,57228,
Speaking.mkf,1206,WAV,41338,
Speaking.mkf,1207,WAV,31196,
Speaking.mkf,1208,WAV,24908,
Speaking.mkf,1209,WAV,35912,
Speaking.mkf,1210,WAV,42416,
Speaking.mkf,1211,WAV,35096,
Speaking.mkf,1212,WAV,86258,
Speaking.mkf,1213,WAV,74282,
Speaking.mkf,1214,WAV,73570,
Speaking.mkf,1215,WAV,91630,
Speaking.mkf,1216,WAV,42854,
Speaking.mkf,1217,WAV,51840,
Speaking.mkf,1218,WAV,108796,
Speaking.mkf,1219,WAV,52206,
Speaking.mkf,1220,WAV,96358,
Speaking.mkf,1221,WAV,132450,
Speaking.mkf,1222,WAV,53472,
Speaking.mkf,1223,WAV,71976,
Speaking.mkf,1224,WAV,128130,
Speaking.mkf,1225,WAV,70946,
Speaking.mkf,1226,WAV,54696,
Speaking.mkf,1227,WAV,79194,
Speaking.mkf,1228,WAV,134318,
Speaking.mkf,1229,WAV,154998,
Speaking.mkf,1230,WAV,42724,
Speaking.mkf,1231,WAV,106642,
Speaking.mkf,1232,WAV,103808,
Speaking.mkf,1233,WAV,155194,
Speaking.mkf,1234,WAV,44660,
Speaking.mkf,1235,WAV,98082,
Speaking.mkf,1236,WAV,116748,
Speaking.mkf,1237,WAV,119002,
Speaking.mkf,1238,WAV,100910,
Speaking.mkf,1239,WAV,28234,
Speaking.mkf,1240,WAV,37028,
Speaking.mkf,1241,WAV,51144,
Speaking.mkf,1242,WAV,35818,
Speaking.mkf,1243,WAV,29164,
Speaking.mkf,1244,WAV,39120,
Speaking.mkf,1245,WAV,34782,
Speaking.mkf,1246,WAV,45564,
Speaking.mkf,1247,WAV,38568,
Speaking.mkf,1248,WAV,35274,
Speaking.mkf,1249,WAV,37684,
Speaking.mkf,1250,WAV,68174,
Speaking.mkf,1251,WAV,27386,
Speaking.mkf,1252,WAV,36986,
Speaking.mkf,1253,WAV,23096,
Speaking.mkf,1254,WAV,63028,
Speaking.mkf,1255,WAV,37836,
Speaking.mkf,1256,WAV,28032,
Speaking.mkf,1257,WAV,47092,
Speaking.mkf,1258,WAV,42084,
Speaking.mkf,1259,WAV,77062,
Speaking.mkf,1260,WAV,90094,
Speaking.mkf,1261,WAV,20818,
Speaking.mkf,1262,WAV,40876,
Speaking.mkf,1263,WAV,28990,
Speaking.mkf,1264,WAV,69916,
Speaking.mkf,1265,WAV,30634,
Speaking.mkf,1266,WAV,17958,
Speaking.mkf,1267,WAV,31688,
Speaking.mkf,1268,WAV,41920,
Speaking.mkf,1269,WAV,20418,
Speaking.mkf,1270,WAV,25022,
Speaking.mkf,1271,WAV,30038,
Speaking.mkf,1272,WAV,31650,
Speaking.mkf,1273,WAV,35368,
Speaking.mkf,1274,WAV,32120,
Speaking.mkf,1275,WAV,47878,
Speaking.mkf,1276,WAV,26798,
Speaking.mkf,1277,WAV,26036,
Speaking.mkf,1278,WAV,55898,
Speaking.mkf,1279,WAV,22080,
Speaking.mkf,1280,WAV,28396,
Speaking.mkf,1281,WAV,24316,
Speaking.mkf,1282,WAV,28140,
Speaking.mkf,1283,WAV,40930,
Speaking.mkf,1284,WAV,35180,
Speaking.mkf,1285,WAV,38620,
Speaking.mkf,1286,WAV,31830,
Speaking.mkf,1287,WAV,78864,
Speaking.mkf,1288,WAV,73270,
Speaking.mkf,1289,WAV,59386,
Speaking.mkf,1290,WAV,56684,
Speaking.mkf,1291,WAV,36214,
Speaking.mkf,1292,WAV,24166,
Speaking.mkf,1293,WAV,37138,
Speaking.mkf,1294,WAV,24986,
Speaking.mkf,1295,WAV,46128,
Speaking.mkf,1296,WAV,40496,
Speaking.mkf,1297,WAV,31158,
Speaking.mkf,1298,WAV,39336,
Speaking.mkf,1299,WAV,40696,
Speaking.mkf,1300,WAV,21628,
Speaking.mkf,1301,WAV,35128,
Speaking.mkf,1302,WAV,40754,
Speaking.mkf,1303,WAV,56562,
Speaking.mkf,1304,WAV,20798,
Speaking.mkf,1305,WAV,24554,
Speaking.mkf,1306,WAV,22996,
Speaking.mkf,1307,WAV,20012,
Speaking.mkf,1308,WAV,26344,
Speaking.mkf,1309,WAV,24772,
Speaking.mkf,1310,WAV,26708,
Speaking.mkf,1311,WAV,45886,
Speaking.mkf,1312,WAV,46314,
Speaking.mkf,1313,WAV,40206,
Speaking.mkf,1314,WAV,103190,
Speaking.mkf,1315,WAV,40860,
Speaking.mkf,1316,WAV,39488,
Speaking.mkf,1317,WAV,36912,
Speaking.mkf,1318,WAV,69380,
Speaking.mkf,1319,WAV,56502,
Speaking.mkf,1320,WAV,35382,
Speaking.mkf,1321,WAV,21256,
Speaking.mkf,1322,WAV,23440,
Speaking.mkf,1323,WAV,29840,
Speaking.mkf,1324,WAV,33498,
Speaking.mkf,1325,WAV,43162,
Speaking.mkf,1326,WAV,27432,
Speaking.mkf,1327,WAV,31062,
Speaking.mkf,1328,WAV,22874,
Speaking.mkf,1329,WAV,59718,
Speaking.mkf,1330,WAV,25206,
Speaking.mkf,1331,WAV,27742,
Speaking.mkf,1332,WAV,17458,
Speaking.mkf,1333,WAV,22122,
Speaking.mkf,1334,WAV,41274,
Speaking.mkf,1335,WAV,14452,
Speaking.mkf,1336,WAV,17682,
Speaking.mkf,1337,WAV,19062,
Speaking.mkf,1338,WAV,36514,
Speaking.mkf,1339,WAV,25226,
Speaking.mkf,1340,WAV,34780,
Speaking.mkf,1341,WAV,64734,
Speaking.mkf,1342,WAV,34756,
Speaking.mkf,1343,WAV,21490,
Speaking.mkf,1344,WAV,48850,
Speaking.mkf,1345,WAV,35016,
Speaking.mkf,1346,WAV,33378,
Speaking.mkf,1347,WAV,13118,
Speaking.mkf,1348,WAV,5696,
Speaking.mkf,1349,WAV,4632,
Speaking.mkf,1350,WAV,48274,
Speaking.mkf,1351,WAV,42960,
Speaking.mkf,1352,WAV,14596,
Speaking.mkf,1353,WAV,13118,
Speaking.mkf,1354,WAV,4632,
Speaking.mkf,1355,WAV,5696,
Speaking.mkf,1356,WAV,48274,
Speaking.mkf,1357,WAV,48274,
Speaking.mkf,1358,WAV,8206,
Speaking.mkf,1359,WAV,3228,
Speaking.mkf,1360,WAV,8206,
Speaking.mkf,1361,WAV,6002,
Speaking.mkf,1362,WAV,13118,
Speaking.mkf,1363,WAV,5696,
Speaking.mkf,1364,WAV,4632,
Speaking.mkf,1365,WAV,54066,
Speaking.mkf,1366,WAV,48274,
Speaking.mkf,1367,WAV,9196,
Speaking.mkf,1368,WAV,72500,
Speaking.mkf,1369,WAV,48274,
Speaking.mkf,1370,WAV,13118,
Speaking.mkf,1371,WAV,5696,
Speaking.mkf,1372,WAV,48274,
Speaking.mkf,1373,WAV,7644,
